무더위쉼터명,위도,경도,,,,,,,,,,,,,,,,,,,,,,,,,,,,
감계힐스테이트1차 경로당,35.3036139,128.5977678,,,,,,,,,,,,,,,,,,,,,,,,,,,,
감계힐스테이트3차 아파트 경로당,35.30298,128.588555,,,,,,,,,,,,,,,,,,,,,,,,,,,,
감계아내아파트,35.303006,128.591438,,,,,,,,,,,,,,,,,,,,,,,,,,,,
신한1차경로당,35.3517614,128.6085325,,,,,,,,,,,,,,,,,,,,,,,,,,,,
북면노인회,35.3532804,128.6095777,,,,,,,,,,,,,,,,,,,,,,,,,,,,
중촌경로당,35.3685175,128.6045483,,,,,,,,,,,,,,,,,,,,,,,,,,,,
마산도서관,37.64249,126.63939,,,,,,,,,,,,,,,,,,,,,,,,,,,,
대명4동행정복지센터,35.8460194,128.5695409,,,,,,,,,,,,,,,,,,,,,,,,,,,,
서봉 마을회관,35.230264,127.213375,,,,,,,,,,,,,,,,,,,,,,,,,,,,
원머리 경로당,35.1311934,126.933335,,,,,,,,,,,,,,,,,,,,,,,,,,,,
정남도서관,37.1683011,126.9830617,,,,,,,,,,,,,,,,,,,,,,,,,,,,
대명4동경로당,35.849836,128.5752771,,,,,,,,,,,,,,,,,,,,,,,,,,,,
신촌휴먼시아1단지 경로당,37.4496177,126.8923398,,,,,,,,,,,,,,,,,,,,,,,,,,,,
동양2차 경로당,37.4546065,126.8875783,,,,,,,,,,,,,,,,,,,,,,,,,,,,
가우경로당,34.53483,126.779891,,,,,,,,,,,,,,,,,,,,,,,,,,,,
가리대할머니 경로당,37.4495988,126.8788949,,,,,,,,,,,,,,,,,,,,,,,,,,,,
가리대 경로당,37.4495999,126.8789107,,,,,,,,,,,,,,,,,,,,,,,,,,,,
휴먼시아2단지 경로당,37.4518627,126.8828477,,,,,,,,,,,,,,,,,,,,,,,,,,,,
서부경로당,35.3509592,128.7238994,,,,,,,,,,,,,,,,,,,,,,,,,,,,
유청경로당,35.3457793,128.7446806,,,,,,,,,,,,,,,,,,,,,,,,,,,,
회봉여성경로당,35.2193329,128.5678631,,,,,,,,,,,,,,,,,,,,,,,,,,,,
화란남성경로당,35.2187895,128.5594227,,,,,,,,,,,,,,,,,,,,,,,,,,,,
화란여성경로당,35.2187895,128.5594227,,,,,,,,,,,,,,,,,,,,,,,,,,,,
봉화여성경로당,35.2213918,128.5692206,,,,,,,,,,,,,,,,,,,,,,,,,,,,
무학경로당,35.2166245,128.5598601,,,,,,,,,,,,,,,,,,,,,,,,,,,,
연계마을 남여경로당,35.2207347,128.557852,,,,,,,,,,,,,,,,,,,,,,,,,,,,
일우경로당,35.2267763,128.570985,,,,,,,,,,,,,,,,,,,,,,,,,,,,
고등포경로당,35.3209923,128.6999366,,,,,,,,,,,,,,,,,,,,,,,,,,,,
남포경로당,35.312202,128.7102572,,,,,,,,,,,,,,,,,,,,,,,,,,,,
신곡경로당,35.3308135,128.7357348,,,,,,,,,,,,,,,,,,,,,,,,,,,,
덕현경로당,35.3378462,128.7292155,,,,,,,,,,,,,,,,,,,,,,,,,,,,
월림경로당,35.3335096,128.7324527,,,,,,,,,,,,,,,,,,,,,,,,,,,,
신곡부인경로당,35.3307449,128.735487,,,,,,,,,,,,,,,,,,,,,,,,,,,,
용등경로당,35.3286953,128.7386061,,,,,,,,,,,,,,,,,,,,,,,,,,,,
중포마을경로당,35.3251102,128.7229719,,,,,,,,,,,,,,,,,,,,,,,,,,,,
신안경로당,35.1756697,128.7872717,,,,,,,,,,,,,,,,,,,,,,,,,,,,
음양2리 노인회,37.1460922,127.0187048,,,,,,,,,,,,,,,,,,,,,,,,,,,,
청담경로당,37.5251755,127.0442555,,,,,,,,,,,,,,,,,,,,,,,,,,,,
노진4리 경로당,37.0500506,126.8134221,,,,,,,,,,,,,,,,,,,,,,,,,,,,
노진5리 경로당,37.0419795,126.8155262,,,,,,,,,,,,,,,,,,,,,,,,,,,,
욱일6차아파트경로당,37.531191,126.806076,,,,,,,,,,,,,,,,,,,,,,,,,,,,
삼성래미안(아)경로당,37.3902962,126.9765388,,,,,,,,,,,,,,,,,,,,,,,,,,,,
성원아파트 경로당,37.4355769,126.8769076,,,,,,,,,,,,,,,,,,,,,,,,,,,,
오리경로당,37.4342012,126.8764316,,,,,,,,,,,,,,,,,,,,,,,,,,,,
휴먼시아6단지 경로당,37.4466527,126.8897669,,,,,,,,,,,,,,,,,,,,,,,,,,,,
펜타포트3블럭A 경로당,36.798809,127.101748,,,,,,,,,,,,,,,,,,,,,,,,,,,,
반도보라빌리지2단지경로당,37.3754539,126.9723795,,,,,,,,,,,,,,,,,,,,,,,,,,,,
상록(아)경로당,37.3781597,126.9735597,,,,,,,,,,,,,,,,,,,,,,,,,,,,
대원칸타빌2단지(아)경로당,37.3762596,126.9707165,,,,,,,,,,,,,,,,,,,,,,,,,,,,
하저경로당,34.52425,126.791939,,,,,,,,,,,,,,,,,,,,,,,,,,,,
중저경로당,34.536631,126.793285,,,,,,,,,,,,,,,,,,,,,,,,,,,,
장목동 경로당,36.1423152,127.4655864,,,,,,,,,,,,,,,,,,,,,,,,,,,,
신촌 경로당,36.1248702,127.4778843,,,,,,,,,,,,,,,,,,,,,,,,,,,,
원터 경로당,36.1330376,127.4432972,,,,,,,,,,,,,,,,,,,,,,,,,,,,
석포2리 경로당,37.1313273,126.8322767,,,,,,,,,,,,,,,,,,,,,,,,,,,,
청계2구경로당,35.7115449,128.2009758,,,,,,,,,,,,,,,,,,,,,,,,,,,,
금평1구경로당,35.7002647,128.1809378,,,,,,,,,,,,,,,,,,,,,,,,,,,,
사랑2리 경로당,37.0743139,126.8349059,,,,,,,,,,,,,,,,,,,,,,,,,,,,
석포1리 경로당,37.1408766,126.8311394,,,,,,,,,,,,,,,,,,,,,,,,,,,,
사곡3리 경로당,37.0574101,126.799737,,,,,,,,,,,,,,,,,,,,,,,,,,,,
"사곡4리,7리 경로당",37.0758722,126.8112318,,,,,,,,,,,,,,,,,,,,,,,,,,,,
사곡5리 경로당,37.0615928,126.8232832,,,,,,,,,,,,,,,,,,,,,,,,,,,,
사곡6리경로당,37.0754115,126.8165245,,,,,,,,,,,,,,,,,,,,,,,,,,,,
사랑1리 경로당,37.0756894,126.820448,,,,,,,,,,,,,,,,,,,,,,,,,,,,
호산마을회관,35.098281,128.431206,,,,,,,,,,,,,,,,,,,,,,,,,,,,
정달마을회관,35.098167,128.4390076,,,,,,,,,,,,,,,,,,,,,,,,,,,,
창포마을회관,35.09754,128.4467,,,,,,,,,,,,,,,,,,,,,,,,,,,,
시락경로당,35.072072,128.4400358,,,,,,,,,,,,,,,,,,,,,,,,,,,,
광명역세권휴머니아4단지경로당,37.4310579,126.8822147,,,,,,,,,,,,,,,,,,,,,,,,,,,,
미도2차아파트 경로당,37.4364628,126.8767016,,,,,,,,,,,,,,,,,,,,,,,,,,,,
미도3차아파트 경로당,37.434307,126.8770964,,,,,,,,,,,,,,,,,,,,,,,,,,,,
마산1리 경로당,37.2302448,126.6980289,,,,,,,,,,,,,,,,,,,,,,,,,,,,
마산2리 경로당,37.2355768,126.6872086,,,,,,,,,,,,,,,,,,,,,,,,,,,,
남구청 민원실,35.846191,128.5981606,,,,,,,,,,,,,,,,,,,,,,,,,,,,
봉덕2동행정복지센터,35.8438647,128.6011167,,,,,,,,,,,,,,,,,,,,,,,,,,,,
DGB대구은행 효성타운지점,35.8383,128.6035106,,,,,,,,,,,,,,,,,,,,,,,,,,,,
명장2동할아버지경로당,35.2138401,129.1024337,,,,,,,,,,,,,,,,,,,,,,,,,,,,
곤양경로당,35.0568814,127.9597919,,,,,,,,,,,,,,,,,,,,,,,,,,,,
묵곡경로당,35.09786,127.985391,,,,,,,,,,,,,,,,,,,,,,,,,,,,
삼동경로당,35.057829,127.961994,,,,,,,,,,,,,,,,,,,,,,,,,,,,
고포3리 경로당,37.2334938,126.6709156,,,,,,,,,,,,,,,,,,,,,,,,,,,,
고포4리 경로당,37.2468129,126.6535045,,,,,,,,,,,,,,,,,,,,,,,,,,,,
독지1리 경로당,37.2474973,126.7002343,,,,,,,,,,,,,,,,,,,,,,,,,,,,
독지2리 경로당,37.25288,126.6923528,,,,,,,,,,,,,,,,,,,,,,,,,,,,
명장2동 주민센터,35.2107333,129.1032176,,,,,,,,,,,,,,,,,,,,,,,,,,,,
아림파크경로당,35.21,129.10187,,,,,,,,,,,,,,,,,,,,,,,,,,,,
마점경로당,34.57046,126.739529,,,,,,,,,,,,,,,,,,,,,,,,,,,,
신덕경로당,34.613074,126.691827,,,,,,,,,,,,,,,,,,,,,,,,,,,,
석산경로당,35.3170973,128.660299,,,,,,,,,,,,,,,,,,,,,,,,,,,,
도덕파크타운아파트 경로당,37.4701635,126.8646038,,,,,,,,,,,,,,,,,,,,,,,,,,,,
브라운스톤1차 아파트,37.4729248,126.8642318,,,,,,,,,,,,,,,,,,,,,,,,,,,,
대평할머니 경로당,35.295444,127.319238,,,,,,,,,,,,,,,,,,,,,,,,,,,,
유목경로당,35.3693605,128.6819424,,,,,,,,,,,,,,,,,,,,,,,,,,,,
일동경로당,35.3705725,128.6849351,,,,,,,,,,,,,,,,,,,,,,,,,,,,
일동부인경로당,35.3705725,128.6849351,,,,,,,,,,,,,,,,,,,,,,,,,,,,
갈전경로당,35.3680444,128.6808474,,,,,,,,,,,,,,,,,,,,,,,,,,,,
갈전부인경로당,35.366735,128.6822082,,,,,,,,,,,,,,,,,,,,,,,,,,,,
신전경로당,35.3703205,128.6745675,,,,,,,,,,,,,,,,,,,,,,,,,,,,
북모산경로당,35.3593669,128.7144591,,,,,,,,,,,,,,,,,,,,,,,,,,,,
남모산경로당,35.3562901,128.7122678,,,,,,,,,,,,,,,,,,,,,,,,,,,,
송등경로당,35.3505793,128.7135953,,,,,,,,,,,,,,,,,,,,,,,,,,,,
북가술경로당,35.3400435,128.7084809,,,,,,,,,,,,,,,,,,,,,,,,,,,,
북가술제2경로당,35.3415401,128.7094814,,,,,,,,,,,,,,,,,,,,,,,,,,,,
남가술경로당,35.3386044,128.7080622,,,,,,,,,,,,,,,,,,,,,,,,,,,,
상포부녀노인회 경로당,35.325666,128.7131205,,,,,,,,,,,,,,,,,,,,,,,,,,,,
우암마을경로당,35.3415798,128.7277727,,,,,,,,,,,,,,,,,,,,,,,,,,,,
귀산경로당,34.765479,127.285834,,,,,,,,,,,,,,,,,,,,,,,,,,,,
송림경로당,34.7377197,127.2827909,,,,,,,,,,,,,,,,,,,,,,,,,,,,
송림여경로당,34.737259,127.282568,,,,,,,,,,,,,,,,,,,,,,,,,,,,
선경경로당,37.4352964,126.8809938,,,,,,,,,,,,,,,,,,,,,,,,,,,,
파초1리(남성) 경로당,36.1306416,127.4650285,,,,,,,,,,,,,,,,,,,,,,,,,,,,
파초1리(여성) 경로당,36.1306438,127.4650392,,,,,,,,,,,,,,,,,,,,,,,,,,,,
계치경로당,34.50866,126.814608,,,,,,,,,,,,,,,,,,,,,,,,,,,,
벌국경로당,34.5803248,126.719332,,,,,,,,,,,,,,,,,,,,,,,,,,,,
회룡경로당2,34.586457,126.6923143,,,,,,,,,,,,,,,,,,,,,,,,,,,,
만덕경로당,34.5746962,126.7497155,,,,,,,,,,,,,,,,,,,,,,,,,,,,
점골경로당,35.7776078,128.1427668,,,,,,,,,,,,,,,,,,,,,,,,,,,,
야천2구경로당,35.7694846,128.1359881,,,,,,,,,,,,,,,,,,,,,,,,,,,,
석사할아버지경로당,35.203368,129.0614729,,,,,,,,,,,,,,,,,,,,,,,,,,,,
석사할머니경로당,35.203368,129.0614729,,,,,,,,,,,,,,,,,,,,,,,,,,,,
노하2리 경로당,37.1573443,126.8631291,,,,,,,,,,,,,,,,,,,,,,,,,,,,
노하3리 경로당,37.1594227,126.8581217,,,,,,,,,,,,,,,,,,,,,,,,,,,,
덕우리경로당,37.1372855,126.8640146,,,,,,,,,,,,,,,,,,,,,,,,,,,,
매곡리경로당,37.1176669,126.8866209,,,,,,,,,,,,,,,,,,,,,,,,,,,,
보동경로당,34.574309,126.747317,,,,,,,,,,,,,,,,,,,,,,,,,,,,
진성면사무소,35.1849321,128.2234472,,,,,,,,,,,,,,,,,,,,,,,,,,,,
다사농협(서재지점),35.8628961,128.4619737,,,,,,,,,,,,,,,,,,,,,,,,,,,,
장안5리 경로당,37.0357031,126.8442521,,,,,,,,,,,,,,,,,,,,,,,,,,,,
장안6리 경로당,37.0509944,126.8577844,,,,,,,,,,,,,,,,,,,,,,,,,,,,
장안7리 경로당,37.0526005,126.8659077,,,,,,,,,,,,,,,,,,,,,,,,,,,,
장안4리 경로당,37.0364086,126.8373245,,,,,,,,,,,,,,,,,,,,,,,,,,,,
봉계마을회관,34.759113,127.2806776,,,,,,,,,,,,,,,,,,,,,,,,,,,,
귤동경로당,34.577081,126.748682,,,,,,,,,,,,,,,,,,,,,,,,,,,,
봉덕1동행정복지센터,35.8452522,128.5964279,,,,,,,,,,,,,,,,,,,,,,,,,,,,
DGB대구은행 봉덕동지점,35.8440271,128.6042314,,,,,,,,,,,,,,,,,,,,,,,,,,,,
난산경로당,34.503186,126.808871,,,,,,,,,,,,,,,,,,,,,,,,,,,,
청용경로당,34.504618,126.817083,,,,,,,,,,,,,,,,,,,,,,,,,,,,
신기마을여성회관,34.7407331,127.2644126,,,,,,,,,,,,,,,,,,,,,,,,,,,,
노곡1구경로당,35.602201,127.9893471,,,,,,,,,,,,,,,,,,,,,,,,,,,,
양지2구경로당,35.5874682,128.0029761,,,,,,,,,,,,,,,,,,,,,,,,,,,,
양지1구경로당,35.5958363,128.0034725,,,,,,,,,,,,,,,,,,,,,,,,,,,,
오일1리 노인회,37.1723422,126.9689433,,,,,,,,,,,,,,,,,,,,,,,,,,,,
무동 휴먼빌 2단지아파트 경로당,35.320318,128.583467,,,,,,,,,,,,,,,,,,,,,,,,,,,,
가촌경로당,35.3397275,128.7005844,,,,,,,,,,,,,,,,,,,,,,,,,,,,
장등경로당,35.3328357,128.7026095,,,,,,,,,,,,,,,,,,,,,,,,,,,,
신동경로당,35.3253764,128.6958442,,,,,,,,,,,,,,,,,,,,,,,,,,,,
신등경로당,35.3240522,128.697647,,,,,,,,,,,,,,,,,,,,,,,,,,,,
백양경로당,35.3304047,128.6890299,,,,,,,,,,,,,,,,,,,,,,,,,,,,
남가술부인경로당,35.337556,128.7085139,,,,,,,,,,,,,,,,,,,,,,,,,,,,
이천어울림도서관,35.8523786,128.5987383,,,,,,,,,,,,,,,,,,,,,,,,,,,,
NH농협은행 봉덕동지점,35.8447058,128.6041144,,,,,,,,,,,,,,,,,,,,,,,,,,,,
세실할머니경로당,35.2132534,129.0988943,,,,,,,,,,,,,,,,,,,,,,,,,,,,
새마을경로당,37.4540553,126.8889594,,,,,,,,,,,,,,,,,,,,,,,,,,,,
휴먼시아5단지 경로당,37.4516014,126.8874955,,,,,,,,,,,,,,,,,,,,,,,,,,,,
사직삼환나우빌경로당,35.2029972,129.0564275,,,,,,,,,,,,,,,,,,,,,,,,,,,,
유원경로당,35.2069413,129.0562639,,,,,,,,,,,,,,,,,,,,,,,,,,,,
사직2동 주민센터,35.1992,129.0575,,,,,,,,,,,,,,,,,,,,,,,,,,,,
사직3동 할아버지경로당,35.2002055,129.07387,,,,,,,,,,,,,,,,,,,,,,,,,,,,
사직3동 할머니경로당,35.2002055,129.07387,,,,,,,,,,,,,,,,,,,,,,,,,,,,
사직2차쌍용예가경로당,35.2016048,129.0573307,,,,,,,,,,,,,,,,,,,,,,,,,,,,
사직한신경로당,35.2043643,129.0544015,,,,,,,,,,,,,,,,,,,,,,,,,,,,
매안경로당,35.7303513,128.1108171,,,,,,,,,,,,,,,,,,,,,,,,,,,,
하매경로당,35.7289655,128.1159996,,,,,,,,,,,,,,,,,,,,,,,,,,,,
야동마을경로당,35.7279666,128.1044941,,,,,,,,,,,,,,,,,,,,,,,,,,,,
영전경로당,35.7276465,128.0970013,,,,,,,,,,,,,,,,,,,,,,,,,,,,
매안2구경로당,35.7309699,128.103397,,,,,,,,,,,,,,,,,,,,,,,,,,,,
율암1리 경로당,37.1586782,126.8859297,,,,,,,,,,,,,,,,,,,,,,,,,,,,
율암2리 경로당,37.1718026,126.8702316,,,,,,,,,,,,,,,,,,,,,,,,,,,,
지월리경로당,37.1451233,126.8895054,,,,,,,,,,,,,,,,,,,,,,,,,,,,
진우아파트경로당,37.160354,126.9309056,,,,,,,,,,,,,,,,,,,,,,,,,,,,
사직1동 주민센터,35.2017362,129.062757,,,,,,,,,,,,,,,,,,,,,,,,,,,,
봉명경로당,35.848021,128.5955621,,,,,,,,,,,,,,,,,,,,,,,,,,,,
KEB하나은행 봉덕동지점,35.8461015,128.5908121,,,,,,,,,,,,,,,,,,,,,,,,,,,,
야천3구경로당,35.771204,128.1297831,,,,,,,,,,,,,,,,,,,,,,,,,,,,
매화2구경로당,35.7349342,128.1242376,,,,,,,,,,,,,,,,,,,,,,,,,,,,
화성시서부종합사회복지관,37.2130067,126.7320111,,,,,,,,,,,,,,,,,,,,,,,,,,,,
고정1리 경로당,37.2422711,126.7419349,,,,,,,,,,,,,,,,,,,,,,,,,,,,
고정2리 경로당,37.2457,126.7485,,,,,,,,,,,,,,,,,,,,,,,,,,,,
고정4리 경로당,37.2383703,126.7403206,,,,,,,,,,,,,,,,,,,,,,,,,,,,
고포1리 경로당,37.2406747,126.6700682,,,,,,,,,,,,,,,,,,,,,,,,,,,,
고포2리 경로당,37.23908,126.6837893,,,,,,,,,,,,,,,,,,,,,,,,,,,,
동원경로당,35.2041525,129.0738238,,,,,,,,,,,,,,,,,,,,,,,,,,,,
안나 경로당,35.2004841,129.1031359,,,,,,,,,,,,,,,,,,,,,,,,,,,,
안락1동 주민센터,35.1996815,129.0993844,,,,,,,,,,,,,,,,,,,,,,,,,,,,
서원경로당,35.2042592,129.0990764,,,,,,,,,,,,,,,,,,,,,,,,,,,,
안락할아버지경로당,35.2032985,129.1034254,,,,,,,,,,,,,,,,,,,,,,,,,,,,
안락할머니경로당,35.2032985,129.1034254,,,,,,,,,,,,,,,,,,,,,,,,,,,,
락천경로당,35.1979272,129.099304,,,,,,,,,,,,,,,,,,,,,,,,,,,,
해인경로당,35.792261,128.085825,,,,,,,,,,,,,,,,,,,,,,,,,,,,
치인2구경로당,35.7912661,128.0620592,,,,,,,,,,,,,,,,,,,,,,,,,,,,
숭산경로당,35.7316928,128.1085439,,,,,,,,,,,,,,,,,,,,,,,,,,,,
개명마을회관,34.7793408,127.2745074,,,,,,,,,,,,,,,,,,,,,,,,,,,,
축동마을복지회관,34.7741577,127.2617921,,,,,,,,,,,,,,,,,,,,,,,,,,,,
월등마을회관,34.7799078,127.2593218,,,,,,,,,,,,,,,,,,,,,,,,,,,,
장선마을회관,34.7577358,127.2458276,,,,,,,,,,,,,,,,,,,,,,,,,,,,
신기마을회관,34.7410967,127.264756,,,,,,,,,,,,,,,,,,,,,,,,,,,,
옥전경로당,34.528759,126.736029,,,,,,,,,,,,,,,,,,,,,,,,,,,,
장월마을회관,34.788656,127.3559519,,,,,,,,,,,,,,,,,,,,,,,,,,,,
해창1리 경로당,37.1092216,126.8816141,,,,,,,,,,,,,,,,,,,,,,,,,,,,
코스코밸리아파트 경로당(육일3리),37.1978561,126.7249542,,,,,,,,,,,,,,,,,,,,,,,,,,,,
지화2리 경로당,37.211587,126.6763697,,,,,,,,,,,,,,,,,,,,,,,,,,,,
브라운스톤2차 경로당,37.4720501,126.8642266,,,,,,,,,,,,,,,,,,,,,,,,,,,,
사직3동 주민센터,35.2022326,129.0702553,,,,,,,,,,,,,,,,,,,,,,,,,,,,
창곡1리 경로당,37.1898348,126.8856185,,,,,,,,,,,,,,,,,,,,,,,,,,,,
창곡2리 경로당,37.1856681,126.8871438,,,,,,,,,,,,,,,,,,,,,,,,,,,,
창곡3리 경로당,37.1787624,126.8925492,,,,,,,,,,,,,,,,,,,,,,,,,,,,
하저리 1.2경로당,37.1895739,126.8704287,,,,,,,,,,,,,,,,,,,,,,,,,,,,
검단동 행정복지센터,35.9105768,128.6206893,,,,,,,,,,,,,,,,,,,,,,,,,,,,
월하경로당,34.530897,126.717981,,,,,,,,,,,,,,,,,,,,,,,,,,,,
신리경로당,34.547346,126.720354,,,,,,,,,,,,,,,,,,,,,,,,,,,,
성자경로당,34.557352,126.729833,,,,,,,,,,,,,,,,,,,,,,,,,,,,
석천경로당,34.554491,126.725224,,,,,,,,,,,,,,,,,,,,,,,,,,,,
용소1리 경로당,37.0797535,126.9845493,,,,,,,,,,,,,,,,,,,,,,,,,,,,
정문1리 경로당,37.0934037,126.9885743,,,,,,,,,,,,,,,,,,,,,,,,,,,,
정문2리 경로당,37.0947935,126.986711,,,,,,,,,,,,,,,,,,,,,,,,,,,,
본말2리 경로당,35.64329,128.507759,,,,,,,,,,,,,,,,,,,,,,,,,,,,
새마을할머니 경로당,37.4538119,126.8893247,,,,,,,,,,,,,,,,,,,,,,,,,,,,
금호어울림 경로당,37.4514431,126.8896968,,,,,,,,,,,,,,,,,,,,,,,,,,,,
신촌휴먼시아2단지 경로당,37.447402,126.8936783,,,,,,,,,,,,,,,,,,,,,,,,,,,,
삼익아파트 경로당,37.452664,126.8883574,,,,,,,,,,,,,,,,,,,,,,,,,,,,
동양1차 경로당,37.4555029,126.8865915,,,,,,,,,,,,,,,,,,,,,,,,,,,,
요당1리 경로당,37.0704245,126.9359477,,,,,,,,,,,,,,,,,,,,,,,,,,,,
송산3리 경로당,37.1217197,126.994263,,,,,,,,,,,,,,,,,,,,,,,,,,,,
송산4리 경로당,37.1082325,126.9881746,,,,,,,,,,,,,,,,,,,,,,,,,,,,
양감 학구단 경로당,37.0807587,126.9458692,,,,,,,,,,,,,,,,,,,,,,,,,,,,
여명할머니경로당,35.2012124,129.0733788,,,,,,,,,,,,,,,,,,,,,,,,,,,,
여명할아버지경로당,35.2012124,129.0733788,,,,,,,,,,,,,,,,,,,,,,,,,,,,
남부경로당,35.8437271,128.6014018,,,,,,,,,,,,,,,,,,,,,,,,,,,,
고산골경로당,35.8314407,128.6036304,,,,,,,,,,,,,,,,,,,,,,,,,,,,
봉덕3동행정복지센터,35.842441,128.5959356,,,,,,,,,,,,,,,,,,,,,,,,,,,,
봉삼경로당,35.8360429,128.5945133,,,,,,,,,,,,,,,,,,,,,,,,,,,,
대덕2차아파트경로당,35.8346356,128.5964982,,,,,,,,,,,,,,,,,,,,,,,,,,,,
대명1동행정복지센터,35.8416704,128.57356,,,,,,,,,,,,,,,,,,,,,,,,,,,,
DGB대구은행 대덕지점,35.8400179,128.5787472,,,,,,,,,,,,,,,,,,,,,,,,,,,,
대명1동경로당,35.8405429,128.5769561,,,,,,,,,,,,,,,,,,,,,,,,,,,,
여고할아버지경로당,33.054786,129.054545,,,,,,,,,,,,,,,,,,,,,,,,,,,,
여고할머니경로당,33.211221,129.054873,,,,,,,,,,,,,,,,,,,,,,,,,,,,
대덕경로당,35.8507689,128.582691,,,,,,,,,,,,,,,,,,,,,,,,,,,,
대명3동행정복지센터,35.8523043,128.5792456,,,,,,,,,,,,,,,,,,,,,,,,,,,,
장안8리 경로당,37.0375476,126.8458203,,,,,,,,,,,,,,,,,,,,,,,,,,,,
개운아파트 경로당,37.4376544,126.8773461,,,,,,,,,,,,,,,,,,,,,,,,,,,,
영선경로당,35.8527903,128.5935477,,,,,,,,,,,,,,,,,,,,,,,,,,,,
용암경로당,34.533132,126.755472,,,,,,,,,,,,,,,,,,,,,,,,,,,,
신기경로당,34.529573,126.75388,,,,,,,,,,,,,,,,,,,,,,,,,,,,
내서읍경로당,35.2512378,128.5113993,,,,,,,,,,,,,,,,,,,,,,,,,,,,
안성경로당,35.2651497,128.5512341,,,,,,,,,,,,,,,,,,,,,,,,,,,,
삼계(남)경로당,35.2313403,128.500235,,,,,,,,,,,,,,,,,,,,,,,,,,,,
삼계(여)경로당,35.2313403,128.500235,,,,,,,,,,,,,,,,,,,,,,,,,,,,
신목경로당,35.1919681,128.4963225,,,,,,,,,,,,,,,,,,,,,,,,,,,,
회원1동경로당,35.2183793,128.5727384,,,,,,,,,,,,,,,,,,,,,,,,,,,,
중리(남)경로당,35.252132,128.5113851,,,,,,,,,,,,,,,,,,,,,,,,,,,,
감천(남)경로당,35.205803,128.516324,,,,,,,,,,,,,,,,,,,,,,,,,,,,
동원맨션 경로당,35.1636108,129.0339554,,,,,,,,,,,,,,,,,,,,,,,,,,,,
후전경로당,35.062863,127.957112,,,,,,,,,,,,,,,,,,,,,,,,,,,,
사동경로당,35.055564,127.956619,,,,,,,,,,,,,,,,,,,,,,,,,,,,
구미경로당,35.2529829,128.5214386,,,,,,,,,,,,,,,,,,,,,,,,,,,,
호계할머니경로당,35.2661198,128.5196799,,,,,,,,,,,,,,,,,,,,,,,,,,,,
남문경로당,35.05528,127.959008,,,,,,,,,,,,,,,,,,,,,,,,,,,,
옥곡경로당,35.057574,127.964172,,,,,,,,,,,,,,,,,,,,,,,,,,,,
풍화각,37.2150026,126.7358083,,,,,,,,,,,,,,,,,,,,,,,,,,,,
봉황경로당,34.556938,126.698274,,,,,,,,,,,,,,,,,,,,,,,,,,,,
신동경로당,35.3321469,128.6061802,,,,,,,,,,,,,,,,,,,,,,,,,,,,
중리경로당,35.3437939,128.5923,,,,,,,,,,,,,,,,,,,,,,,,,,,,
현천경로당,35.347368,128.5839347,,,,,,,,,,,,,,,,,,,,,,,,,,,,
묵지경로당,35.1597504,128.5294937,,,,,,,,,,,,,,,,,,,,,,,,,,,,
용정2구 경로당,35.2771041,128.7065107,,,,,,,,,,,,,,,,,,,,,,,,,,,,
용정3구 경로당,35.276953,128.704899,,,,,,,,,,,,,,,,,,,,,,,,,,,,
무성1구남자경로당,35.28938,128.6996971,,,,,,,,,,,,,,,,,,,,,,,,,,,,
오산경로당,35.141706,128.505942,,,,,,,,,,,,,,,,,,,,,,,,,,,,
감나무골경로당,35.1934966,128.5108427,,,,,,,,,,,,,,,,,,,,,,,,,,,,
석동그린빌4단지 경로당,35.1550399,128.7032119,,,,,,,,,,,,,,,,,,,,,,,,,,,,
고성동 행정복지센터,35.8811338,128.5819039,,,,,,,,,,,,,,,,,,,,,,,,,,,,
석동그린빌2단지 경로당,35.155601,128.7090448,,,,,,,,,,,,,,,,,,,,,,,,,,,,
석동그린빌3단지 경로당,35.1545751,128.7048897,,,,,,,,,,,,,,,,,,,,,,,,,,,,
산격1동 행정복지센터,35.8928127,128.5950372,,,,,,,,,,,,,,,,,,,,,,,,,,,,
산격2동 행정복지센터,35.9006162,128.6148312,,,,,,,,,,,,,,,,,,,,,,,,,,,,
침산3동 행정복지센터,35.8920196,128.5893258,,,,,,,,,,,,,,,,,,,,,,,,,,,,
노원동 행정복지센터,35.8901681,128.5762308,,,,,,,,,,,,,,,,,,,,,,,,,,,,
갈론경로당,36.793,127.8758,,,,,,,,,,,,,,,,,,,,,,,,,,,,
외사경로당,36.7895,127.8719,,,,,,,,,,,,,,,,,,,,,,,,,,,,
금호어울림경로당(일람8리),36.8249613,126.4439153,,,,,,,,,,,,,,,,,,,,,,,,,,,,
안동마을회관,34.568393,127.347856,,,,,,,,,,,,,,,,,,,,,,,,,,,,
중원2리 경로당,37.5430762,127.6169917,,,,,,,,,,,,,,,,,,,,,,,,,,,,
포리경로당 앞 정자,36.7232402,128.5283246,,,,,,,,,,,,,,,,,,,,,,,,,,,,
정촌올리움아파트경로당,35.1231599,128.0990383,,,,,,,,,,,,,,,,,,,,,,,,,,,,
서생경로당,35.384251,129.3396551,,,,,,,,,,,,,,,,,,,,,,,,,,,,
진하경로당,35.3875354,129.3433239,,,,,,,,,,,,,,,,,,,,,,,,,,,,
왕창2리 경로당,37.4846168,127.3915229,,,,,,,,,,,,,,,,,,,,,,,,,,,,
양지마을회관,34.53181,127.3447645,,,,,,,,,,,,,,,,,,,,,,,,,,,,
덕촌마을회관,34.5527745,127.3462737,,,,,,,,,,,,,,,,,,,,,,,,,,,,
마근경로당,35.3775992,129.2798225,,,,,,,,,,,,,,,,,,,,,,,,,,,,
송정경로당,35.3662216,129.3534131,,,,,,,,,,,,,,,,,,,,,,,,,,,,
대송경로당,35.3608591,129.3537502,,,,,,,,,,,,,,,,,,,,,,,,,,,,
용리경로당,35.3644167,129.3188946,,,,,,,,,,,,,,,,,,,,,,,,,,,,
장남경로당,34.620568,127.385577,,,,,,,,,,,,,,,,,,,,,,,,,,,,
시목경로당,34.607691,127.396184,,,,,,,,,,,,,,,,,,,,,,,,,,,,
곡강마을회관,34.642348,127.44656,,,,,,,,,,,,,,,,,,,,,,,,,,,,
여호여경로당,34.662766,127.468583,,,,,,,,,,,,,,,,,,,,,,,,,,,,
우미아파트경로당(화정3동),35.139141,126.877599,,,,,,,,,,,,,,,,,,,,,,,,,,,,
안성마을회관(2층),35.1030026,128.7916552,,,,,,,,,,,,,,,,,,,,,,,,,,,,
청천마을회관(2층),35.100916,128.800955,,,,,,,,,,,,,,,,,,,,,,,,,,,,
영길경로당,35.1145402,128.7817385,,,,,,,,,,,,,,,,,,,,,,,,,,,,
경남아너스빌경로당,35.1293853,128.7839268,,,,,,,,,,,,,,,,,,,,,,,,,,,,
이지더원아파트경로당,35.0883413,128.8117451,,,,,,,,,,,,,,,,,,,,,,,,,,,,
광명역세권휴머니아1단지경로당,37.4345617,126.8870086,,,,,,,,,,,,,,,,,,,,,,,,,,,,
장미@경로당,36.3686464,127.4126738,,,,,,,,,,,,,,,,,,,,,,,,,,,,
녹도경로당,36.2693435,126.266386,,,,,,,,,,,,,,,,,,,,,,,,,,,,
외연도마을회관,36.2263875,126.0788742,,,,,,,,,,,,,,,,,,,,,,,,,,,,
고대도마을회관,36.3886064,126.3676364,,,,,,,,,,,,,,,,,,,,,,,,,,,,
점암면분회(경로당),34.65317,127.380572,,,,,,,,,,,,,,,,,,,,,,,,,,,,
점암여경로당,34.652618,127.380126,,,,,,,,,,,,,,,,,,,,,,,,,,,,
웅동2동주민센터,35.1011522,128.8147486,,,,,,,,,,,,,,,,,,,,,,,,,,,,
부영2차아파트남자경로당,35.1033828,128.8036914,,,,,,,,,,,,,,,,,,,,,,,,,,,,
안골여자경로당,35.0926537,128.7974551,,,,,,,,,,,,,,,,,,,,,,,,,,,,
비래골경로당,36.3706665,127.4516759,,,,,,,,,,,,,,,,,,,,,,,,,,,,
대전종합사회복지관,36.3625043,127.4518544,,,,,,,,,,,,,,,,,,,,,,,,,,,,
비래동주민센터,36.3576714,127.4507711,,,,,,,,,,,,,,,,,,,,,,,,,,,,
제1경로당,36.35614,127.446718,,,,,,,,,,,,,,,,,,,,,,,,,,,,
금성백조(아)경로당,36.358324,127.4517931,,,,,,,,,,,,,,,,,,,,,,,,,,,,
보령@경로당,36.3626819,127.4457012,,,,,,,,,,,,,,,,,,,,,,,,,,,,
봉남마을회관,34.655194,127.349208,,,,,,,,,,,,,,,,,,,,,,,,,,,,
원주마을회관,34.671476,127.471265,,,,,,,,,,,,,,,,,,,,,,,,,,,,
원등마을회관,34.6767528,127.3612774,,,,,,,,,,,,,,,,,,,,,,,,,,,,
상분마을회관,34.6783109,127.3487444,,,,,,,,,,,,,,,,,,,,,,,,,,,,
하분마을회관,34.6773874,127.3489195,,,,,,,,,,,,,,,,,,,,,,,,,,,,
용산마을회관,34.653879,127.379104,,,,,,,,,,,,,,,,,,,,,,,,,,,,
내동마을회관,34.670104,127.372339,,,,,,,,,,,,,,,,,,,,,,,,,,,,
봉북마을회관,34.659159,127.347684,,,,,,,,,,,,,,,,,,,,,,,,,,,,
연등마을회관,34.663503,127.353495,,,,,,,,,,,,,,,,,,,,,,,,,,,,
상신(여)경로당,34.652454,127.33776,,,,,,,,,,,,,,,,,,,,,,,,,,,,
대춘마을회관,34.657299,127.374067,,,,,,,,,,,,,,,,,,,,,,,,,,,,
상신마을회관,34.653018,127.337709,,,,,,,,,,,,,,,,,,,,,,,,,,,,
금강엑슬루타워(아)경로당,36.4530897,127.4211053,,,,,,,,,,,,,,,,,,,,,,,,,,,,
대덕구 보건소,36.4448427,127.426236,,,,,,,,,,,,,,,,,,,,,,,,,,,,
주은반석@경로당,36.43399,127.423153,,,,,,,,,,,,,,,,,,,,,,,,,,,,
덕암동주민센터,36.440347,127.426858,,,,,,,,,,,,,,,,,,,,,,,,,,,,
금성낙원경로당,36.443338,127.42163,,,,,,,,,,,,,,,,,,,,,,,,,,,,
대창(a)경로당,36.425103,127.424867,,,,,,,,,,,,,,,,,,,,,,,,,,,,
송촌제1경로당,36.3594661,127.4438613,,,,,,,,,,,,,,,,,,,,,,,,,,,,
송촌동주민센터,36.3684704,127.4406041,,,,,,,,,,,,,,,,,,,,,,,,,,,,
선비2단지경로당,36.36876,127.43903,,,,,,,,,,,,,,,,,,,,,,,,,,,,
선비3단지경로당,36.367961,127.441042,,,,,,,,,,,,,,,,,,,,,,,,,,,,
선비4단지경로당,36.3705576,127.44412,,,,,,,,,,,,,,,,,,,,,,,,,,,,
용호 경로당,36.451064,127.4534846,,,,,,,,,,,,,,,,,,,,,,,,,,,,
비룡경로당,36.3596644,127.4559109,,,,,,,,,,,,,,,,,,,,,,,,,,,,
동부(아)경로당,36.3540009,127.4458393,,,,,,,,,,,,,,,,,,,,,,,,,,,,
동산동경로당,34.6115066,127.3541562,,,,,,,,,,,,,,,,,,,,,,,,,,,,
상오마을회관,34.5704672,127.4036969,,,,,,,,,,,,,,,,,,,,,,,,,,,,
원두마을회관,34.464292,127.461185,,,,,,,,,,,,,,,,,,,,,,,,,,,,
축정1구마을회관,34.464684,127.456431,,,,,,,,,,,,,,,,,,,,,,,,,,,,
엄남마을회관,34.4569824,127.4569443,,,,,,,,,,,,,,,,,,,,,,,,,,,,
삽시도마을회관,36.3479451,126.356395,,,,,,,,,,,,,,,,,,,,,,,,,,,,
교성1리(지장골)마을회관,36.4161195,126.5447546,,,,,,,,,,,,,,,,,,,,,,,,,,,,
소성리 대동회관,36.4381565,126.5239347,,,,,,,,,,,,,,,,,,,,,,,,,,,,
영보2리 마을회관,36.4229327,126.5030105,,,,,,,,,,,,,,,,,,,,,,,,,,,,
녹도마을회관,36.2712537,126.2667376,,,,,,,,,,,,,,,,,,,,,,,,,,,,
동촌여경로당,34.6036885,127.36424,,,,,,,,,,,,,,,,,,,,,,,,,,,,
예내마을회관,34.4530848,127.5131598,,,,,,,,,,,,,,,,,,,,,,,,,,,,
예당마을회관,34.455556,127.514646,,,,,,,,,,,,,,,,,,,,,,,,,,,,
상초마을회관,34.4379056,127.477249,,,,,,,,,,,,,,,,,,,,,,,,,,,,
흥룡경로당,35.4237751,126.6045409,,,,,,,,,,,,,,,,,,,,,,,,,,,,
오매기경로당,37.3588881,126.987299,,,,,,,,,,,,,,,,,,,,,,,,,,,,
진주포레스트부영아파트 경로당,35.1684717,128.1380564,,,,,,,,,,,,,,,,,,,,,,,,,,,,
엔에이치에프10단지 경로당,35.1704121,128.1429783,,,,,,,,,,,,,,,,,,,,,,,,,,,,
경남혁신도시LH8단지 경로당,35.1720806,128.1465375,,,,,,,,,,,,,,,,,,,,,,,,,,,,
장평경로당,34.638478,126.322536,,,,,,,,,,,,,,,,,,,,,,,,,,,,
장재경로당,34.699827,126.324419,,,,,,,,,,,,,,,,,,,,,,,,,,,,
월래경로당,34.7558526,126.2869708,,,,,,,,,,,,,,,,,,,,,,,,,,,,
절골경로당,34.685549,126.311191,,,,,,,,,,,,,,,,,,,,,,,,,,,,
석호경로당,34.6576223,126.2747598,,,,,,,,,,,,,,,,,,,,,,,,,,,,
매계경로당,34.7459498,126.2864458,,,,,,,,,,,,,,,,,,,,,,,,,,,,
온수경로당,34.6472752,126.2999467,,,,,,,,,,,,,,,,,,,,,,,,,,,,
신평경로당,34.6690106,126.3255298,,,,,,,,,,,,,,,,,,,,,,,,,,,,
마천경로당,34.715283,126.321509,,,,,,,,,,,,,,,,,,,,,,,,,,,,
연등마을회관,34.5833762,127.3209465,,,,,,,,,,,,,,,,,,,,,,,,,,,,
자연동여경로당,34.591444,127.3389849,,,,,,,,,,,,,,,,,,,,,,,,,,,,
자연동마을회관,34.5914156,127.3397747,,,,,,,,,,,,,,,,,,,,,,,,,,,,
당산마을회관,34.5983439,127.3608808,,,,,,,,,,,,,,,,,,,,,,,,,,,,
주교면사무소 앞 정자,36.3906112,126.5688032,,,,,,,,,,,,,,,,,,,,,,,,,,,,
부영1차아파트여자경로당,35.1013902,128.8058144,,,,,,,,,,,,,,,,,,,,,,,,,,,,
쌍북 2리 경로당,36.2822737,126.9170156,,,,,,,,,,,,,,,,,,,,,,,,,,,,
내백마을회관,34.687718,127.446268,,,,,,,,,,,,,,,,,,,,,,,,,,,,
독대마을회관,34.7032072,127.3995642,,,,,,,,,,,,,,,,,,,,,,,,,,,,
방란마을회관,34.6963796,127.3408922,,,,,,,,,,,,,,,,,,,,,,,,,,,,
봉촌마을회관,34.6817546,127.3788633,,,,,,,,,,,,,,,,,,,,,,,,,,,,
상송마을회관,34.6959485,127.3505035,,,,,,,,,,,,,,,,,,,,,,,,,,,,
송학마을회관,34.680763,127.362344,,,,,,,,,,,,,,,,,,,,,,,,,,,,
신기마을회관,34.6657254,127.4159325,,,,,,,,,,,,,,,,,,,,,,,,,,,,
심포마을회관,34.674402,127.420953,,,,,,,,,,,,,,,,,,,,,,,,,,,,
외호마을회관,34.719259,127.387685,,,,,,,,,,,,,,,,,,,,,,,,,,,,
유동마을회관,34.6844102,127.3518124,,,,,,,,,,,,,,,,,,,,,,,,,,,,
유락(아)경로당,36.4492719,127.4283457,,,,,,,,,,,,,,,,,,,,,,,,,,,,
한밭(아)경로당,36.4494581,127.4251009,,,,,,,,,,,,,,,,,,,,,,,,,,,,
다사랑아파트 경로당,36.446733,127.413629,,,,,,,,,,,,,,,,,,,,,,,,,,,,
숯골 경로당,36.464106,127.467237,,,,,,,,,,,,,,,,,,,,,,,,,,,,
신탄진15통경로당,36.445406,127.431744,,,,,,,,,,,,,,,,,,,,,,,,,,,,
신탄진1통경로당,36.453458,127.434675,,,,,,,,,,,,,,,,,,,,,,,,,,,,
신탄진제1경로당,36.448799,127.432857,,,,,,,,,,,,,,,,,,,,,,,,,,,,
역전 경로당,36.448749,127.431744,,,,,,,,,,,,,,,,,,,,,,,,,,,,
영생 경로당,36.442253,127.430272,,,,,,,,,,,,,,,,,,,,,,,,,,,,
석봉경로당,36.4526102,127.4261426,,,,,,,,,,,,,,,,,,,,,,,,,,,,
염포마을회관,34.422529,127.4930353,,,,,,,,,,,,,,,,,,,,,,,,,,,,
사양마을회관,34.4815275,127.4460673,,,,,,,,,,,,,,,,,,,,,,,,,,,,
선창마을회관,34.4748447,127.4463888,,,,,,,,,,,,,,,,,,,,,,,,,,,,
내초마을회관,34.4463724,127.4926051,,,,,,,,,,,,,,,,,,,,,,,,,,,,
주암마을회관,34.7648207,127.3995899,,,,,,,,,,,,,,,,,,,,,,,,,,,,
침교마을회관,34.7633959,127.3378644,,,,,,,,,,,,,,,,,,,,,,,,,,,,
원유둔마을회관,34.7821487,127.334012,,,,,,,,,,,,,,,,,,,,,,,,,,,,
마동마을회관,34.7814333,127.2984714,,,,,,,,,,,,,,,,,,,,,,,,,,,,
쌍암마을회관,34.7986252,127.3357788,,,,,,,,,,,,,,,,,,,,,,,,,,,,
원매곡마을회관,34.8039797,127.3370332,,,,,,,,,,,,,,,,,,,,,,,,,,,,
가산마을회관,34.687882,127.375658,,,,,,,,,,,,,,,,,,,,,,,,,,,,
당산여경로당,34.5983439,127.3608808,,,,,,,,,,,,,,,,,,,,,,,,,,,,
왕곡경로당,37.3450689,126.9901605,,,,,,,,,,,,,,,,,,,,,,,,,,,,
신명솔거(아)경로당,37.3432352,126.9776943,,,,,,,,,,,,,,,,,,,,,,,,,,,,
노인복지회관(아름채),37.3427889,126.9724889,,,,,,,,,,,,,,,,,,,,,,,,,,,,
상평동행정복지센터,35.176055,128.109094,,,,,,,,,,,,,,,,,,,,,,,,,,,,
파주시 가족센터,37.7568269,126.7792467,,,,,,,,,,,,,,,,,,,,,,,,,,,,
고등계경로당,34.7419164,126.3030931,,,,,,,,,,,,,,,,,,,,,,,,,,,,
장수경로당,34.699657,126.273108,,,,,,,,,,,,,,,,,,,,,,,,,,,,
대우장미(아)경로당,37.3228973,126.956608,,,,,,,,,,,,,,,,,,,,,,,,,,,,
남해경로당,36.448403,127.415156,,,,,,,,,,,,,,,,,,,,,,,,,,,,
전북은행 솔내지점,35.8631697,127.1213087,,,,,,,,,,,,,,,,,,,,,,,,,,,,
전북은행 영업부,35.8398685,127.1314743,,,,,,,,,,,,,,,,,,,,,,,,,,,,
태양마을경로당,36.437614,127.434672,,,,,,,,,,,,,,,,,,,,,,,,,,,,
평촌2통경로당,36.43265,127.433558,,,,,,,,,,,,,,,,,,,,,,,,,,,,
행복한마을(a)경로당,36.43828,127.424221,,,,,,,,,,,,,,,,,,,,,,,,,,,,
목상동 주민센터,36.448474,127.412255,,,,,,,,,,,,,,,,,,,,,,,,,,,,
춘광경로당,36.435527,127.422866,,,,,,,,,,,,,,,,,,,,,,,,,,,,
신흑8통경로당,36.3237005,126.5243912,,,,,,,,,,,,,,,,,,,,,,,,,,,,
사평경로당,36.776313,127.869742,,,,,,,,,,,,,,,,,,,,,,,,,,,,
사곡경로당,36.7848383,127.8732262,,,,,,,,,,,,,,,,,,,,,,,,,,,,
비곡경로당,36.7798163,127.8876538,,,,,,,,,,,,,,,,,,,,,,,,,,,,
태성경로당,36.7768,127.8918,,,,,,,,,,,,,,,,,,,,,,,,,,,,
내쌍경로당,36.7933,127.8804,,,,,,,,,,,,,,,,,,,,,,,,,,,,
보령시 관광안내센터,36.3331047,126.5484238,,,,,,,,,,,,,,,,,,,,,,,,,,,,
구지면 새마을금고,35.6592137,128.4115475,,,,,,,,,,,,,,,,,,,,,,,,,,,,
부창,36.8026,127.1359,,,,,,,,,,,,,,,,,,,,,,,,,,,,
주공3단지경로당,36.3733678,127.425492,,,,,,,,,,,,,,,,,,,,,,,,,,,,
상평경로당,36.4281012,127.4232168,,,,,,,,,,,,,,,,,,,,,,,,,,,,
영춘경로당,36.439259,127.426156,,,,,,,,,,,,,,,,,,,,,,,,,,,,
청진경로당,36.436998,127.43625,,,,,,,,,,,,,,,,,,,,,,,,,,,,
용수3리 마을회관,35.2342495,127.033276,,,,,,,,,,,,,,,,,,,,,,,,,,,,
강촌경로당,35.2266294,127.0017332,,,,,,,,,,,,,,,,,,,,,,,,,,,,
달성 새마을금고(논공),35.7301581,128.4520914,,,,,,,,,,,,,,,,,,,,,,,,,,,,
논공읍 농협(남부지점),35.7743234,128.4197095,,,,,,,,,,,,,,,,,,,,,,,,,,,,
중노송우체국,35.8267604,127.1540102,,,,,,,,,,,,,,,,,,,,,,,,,,,,
법2동 주민센터,36.3699701,127.431591,,,,,,,,,,,,,,,,,,,,,,,,,,,,
그린타운@경로당,36.3686869,127.4365486,,,,,,,,,,,,,,,,,,,,,,,,,,,,
법동보람@경로당,36.3717957,127.4309964,,,,,,,,,,,,,,,,,,,,,,,,,,,,
법동한마음@경로당,36.3737069,127.4320637,,,,,,,,,,,,,,,,,,,,,,,,,,,,
삼익소월@경로당,36.372096,127.4346843,,,,,,,,,,,,,,,,,,,,,,,,,,,,
선비1단지@경로당,36.375415,127.430857,,,,,,,,,,,,,,,,,,,,,,,,,,,,
중리종합사회복지관,36.3733678,127.425492,,,,,,,,,,,,,,,,,,,,,,,,,,,,
유원경로당,36.372784,127.4285737,,,,,,,,,,,,,,,,,,,,,,,,,,,,
삼호경로당,36.3724124,127.4247343,,,,,,,,,,,,,,,,,,,,,,,,,,,,
영진로얄경로당,36.3768679,127.4265588,,,,,,,,,,,,,,,,,,,,,,,,,,,,
법1동 주민센터,36.3735013,127.4275108,,,,,,,,,,,,,,,,,,,,,,,,,,,,
삼정경로당,36.3767764,127.4281173,,,,,,,,,,,,,,,,,,,,,,,,,,,,
법동종합사회복지관,36.371133,127.431392,,,,,,,,,,,,,,,,,,,,,,,,,,,,
구지면 농협 동부지소,35.6600277,128.4122979,,,,,,,,,,,,,,,,,,,,,,,,,,,,
창포마을회관,34.4630908,127.5045359,,,,,,,,,,,,,,,,,,,,,,,,,,,,
회춘경로당,35.19993,126.875139,,,,,,,,,,,,,,,,,,,,,,,,,,,,
원가학경로당,37.4172195,126.8506832,,,,,,,,,,,,,,,,,,,,,,,,,,,,
다사농협(죽곡지점),35.8750347,128.4972631,,,,,,,,,,,,,,,,,,,,,,,,,,,,
학동경로당,34.5491778,126.8252942,,,,,,,,,,,,,,,,,,,,,,,,,,,,
한림와촌경로당,34.5874841,126.7938671,,,,,,,,,,,,,,,,,,,,,,,,,,,,
삼강경로당,34.5794399,126.8401252,,,,,,,,,,,,,,,,,,,,,,,,,,,,
벽산아파트경로당,35.1952922,129.0971912,,,,,,,,,,,,,,,,,,,,,,,,,,,,
수민동 주민센터,35.1960329,129.0910493,,,,,,,,,,,,,,,,,,,,,,,,,,,,
봉황경로당,34.5585302,126.7912485,,,,,,,,,,,,,,,,,,,,,,,,,,,,
전북은행 전북대지점,35.8448563,127.1321905,,,,,,,,,,,,,,,,,,,,,,,,,,,,
덕방경로당,35.7474266,128.098194,,,,,,,,,,,,,,,,,,,,,,,,,,,,
대밭골경로당,35.7468749,128.0714892,,,,,,,,,,,,,,,,,,,,,,,,,,,,
죽전경로당,35.7500687,128.0782303,,,,,,,,,,,,,,,,,,,,,,,,,,,,
석계경로당,35.7592992,128.0742616,,,,,,,,,,,,,,,,,,,,,,,,,,,,
대전경로당,35.7396516,128.0877849,,,,,,,,,,,,,,,,,,,,,,,,,,,,
대전남교경로당,35.7357483,128.0932236,,,,,,,,,,,,,,,,,,,,,,,,,,,,
사곳리경로당,37.155933,126.7244766,,,,,,,,,,,,,,,,,,,,,,,,,,,,
상안1리경로당,37.1849169,126.7066796,,,,,,,,,,,,,,,,,,,,,,,,,,,,
궁평1리 경로당,37.1254251,126.6891924,,,,,,,,,,,,,,,,,,,,,,,,,,,,
상안2리경로당,37.171431,126.708621,,,,,,,,,,,,,,,,,,,,,,,,,,,,
송교1리 경로당,37.1643603,126.6665653,,,,,,,,,,,,,,,,,,,,,,,,,,,,
우성베스토피아경로당,35.2058311,129.0872382,,,,,,,,,,,,,,,,,,,,,,,,,,,,
읍성경로당,35.2079924,129.0900384,,,,,,,,,,,,,,,,,,,,,,,,,,,,
복산동 주민센터,35.2057967,129.0860998,,,,,,,,,,,,,,,,,,,,,,,,,,,,
수안할머니경로당,35.1961,129.085,,,,,,,,,,,,,,,,,,,,,,,,,,,,
수안할아버지경로당,35.1961,129.085,,,,,,,,,,,,,,,,,,,,,,,,,,,,
구로경로당,34.5949579,126.7852406,,,,,,,,,,,,,,,,,,,,,,,,,,,,
덕동경로당,34.557688,126.799606,,,,,,,,,,,,,,,,,,,,,,,,,,,,
탑동마을회관,34.6408415,126.7676366,,,,,,,,,,,,,,,,,,,,,,,,,,,,
서문마을회관,34.6393156,126.7647891,,,,,,,,,,,,,,,,,,,,,,,,,,,,
신성마을회관,34.6369304,126.7652282,,,,,,,,,,,,,,,,,,,,,,,,,,,,
홍암경로당,34.6402621,126.7543593,,,,,,,,,,,,,,,,,,,,,,,,,,,,
명신할머니경로당,35.2098028,129.0849072,,,,,,,,,,,,,,,,,,,,,,,,,,,,
명륜동 주민센터,35.2152682,129.0823705,,,,,,,,,,,,,,,,,,,,,,,,,,,,
동래구 보건소,35.2141997,129.0806683,,,,,,,,,,,,,,,,,,,,,,,,,,,,
동래구노인복지관,35.2151668,129.0827811,,,,,,,,,,,,,,,,,,,,,,,,,,,,
성완 경로당,35.222643,129.081773,,,,,,,,,,,,,,,,,,,,,,,,,,,,
매화1리 경로당,37.168957,126.7040354,,,,,,,,,,,,,,,,,,,,,,,,,,,,
가재1리 경로당,37.1485704,126.9202762,,,,,,,,,,,,,,,,,,,,,,,,,,,,
기천3리 경로당,37.187811,126.9082637,,,,,,,,,,,,,,,,,,,,,,,,,,,,
해운(궁평2리)경로당,37.1375819,126.7015882,,,,,,,,,,,,,,,,,,,,,,,,,,,,
매화3리 경로당,37.1685548,126.7134327,,,,,,,,,,,,,,,,,,,,,,,,,,,,
매화4리경로당,37.1624886,126.6951164,,,,,,,,,,,,,,,,,,,,,,,,,,,,
송산경로당,34.6102903,126.788514,,,,,,,,,,,,,,,,,,,,,,,,,,,,
보련경로당,34.5612259,126.7937936,,,,,,,,,,,,,,,,,,,,,,,,,,,,
장전경로당,34.6395969,126.7454355,,,,,,,,,,,,,,,,,,,,,,,,,,,,
목리경로당,34.6325281,126.7783447,,,,,,,,,,,,,,,,,,,,,,,,,,,,
동문경로당,34.6434506,126.7698617,,,,,,,,,,,,,,,,,,,,,,,,,,,,
목화경로당,34.6479083,126.7705881,,,,,,,,,,,,,,,,,,,,,,,,,,,,
고내경로당,34.642263,126.7706452,,,,,,,,,,,,,,,,,,,,,,,,,,,,
대구은행(다사지점),35.8503606,128.4675266,,,,,,,,,,,,,,,,,,,,,,,,,,,,
대현 제1경로당,35.8832653,128.6088674,,,,,,,,,,,,,,,,,,,,,,,,,,,,
대현1동 제2경로당,35.8866757,128.6041894,,,,,,,,,,,,,,,,,,,,,,,,,,,,
사강4리 경로당,37.2145557,126.7336188,,,,,,,,,,,,,,,,,,,,,,,,,,,,
삼존1리 경로당,37.2214639,126.7384046,,,,,,,,,,,,,,,,,,,,,,,,,,,,
동래센트럴파크하이츠1단지경로,35.2140579,129.0852404,,,,,,,,,,,,,,,,,,,,,,,,,,,,
동래센트럴파크하이츠2단지경로,35.2138532,129.0873421,,,,,,,,,,,,,,,,,,,,,,,,,,,,
명륜아이파크경로당,35.2127707,129.0837622,,,,,,,,,,,,,,,,,,,,,,,,,,,,
명신할아버지경로당,35.2098028,129.0849072,,,,,,,,,,,,,,,,,,,,,,,,,,,,
구원경로당,35.7822663,128.1254903,,,,,,,,,,,,,,,,,,,,,,,,,,,,
황령경로당,35.7414095,128.0786371,,,,,,,,,,,,,,,,,,,,,,,,,,,,
성기1구경로당,35.7220648,128.1030661,,,,,,,,,,,,,,,,,,,,,,,,,,,,
성기2구경로당,35.7176702,128.1057109,,,,,,,,,,,,,,,,,,,,,,,,,,,,
상두동경로당,35.711391,128.1051003,,,,,,,,,,,,,,,,,,,,,,,,,,,,
청현경로당,35.7186238,128.1288865,,,,,,,,,,,,,,,,,,,,,,,,,,,,
청현2구경로당,35.7245662,128.1222418,,,,,,,,,,,,,,,,,,,,,,,,,,,,
남문마을회관,34.6383825,126.7700872,,,,,,,,,,,,,,,,,,,,,,,,,,,,
새뚝어린이공원,37.524144,126.857725,,,,,,,,,,,,,,,,,,,,,,,,,,,,
신정6동주민센터와 구민체육센터 사이 통행로,37.516847,126.8643042,,,,,,,,,,,,,,,,,,,,,,,,,,,,
사강3리 경로당,37.220468,126.7253399,,,,,,,,,,,,,,,,,,,,,,,,,,,,
평덕경로당,34.626414,126.811507,,,,,,,,,,,,,,,,,,,,,,,,,,,,
이천경로당,35.7318851,128.138092,,,,,,,,,,,,,,,,,,,,,,,,,,,,
사촌1구경로당,35.7505092,128.1254228,,,,,,,,,,,,,,,,,,,,,,,,,,,,
사촌2구경로당,35.7513413,128.1181241,,,,,,,,,,,,,,,,,,,,,,,,,,,,
터서리경로당,35.7826351,128.1191426,,,,,,,,,,,,,,,,,,,,,,,,,,,,
육일1리 경로당,37.2076201,126.724621,,,,,,,,,,,,,,,,,,,,,,,,,,,,
신동아아파트경로당(화정2동),35.145603,126.885392,,,,,,,,,,,,,,,,,,,,,,,,,,,,
금호아파트경로당(화정2동),35.150008,126.8780033,,,,,,,,,,,,,,,,,,,,,,,,,,,,
대주아파트경로당(화정2동),35.1404966,126.8827005,,,,,,,,,,,,,,,,,,,,,,,,,,,,
수성경로당(화정2동),35.139809,126.880722,,,,,,,,,,,,,,,,,,,,,,,,,,,,
광명아파트경로당(화정2동),35.143164,126.882796,,,,,,,,,,,,,,,,,,,,,,,,,,,,
유니버시아드힐스테이트3단지경로당(화정2동),35.141316,126.884366,,,,,,,,,,,,,,,,,,,,,,,,,,,,
상교 경로당,35.581207,127.493141,,,,,,,,,,,,,,,,,,,,,,,,,,,,
신천경로당,34.6076632,126.7422071,,,,,,,,,,,,,,,,,,,,,,,,,,,,
고주리경로당,37.1282367,126.8837427,,,,,,,,,,,,,,,,,,,,,,,,,,,,
구장1리 경로당,37.1611375,126.902275,,,,,,,,,,,,,,,,,,,,,,,,,,,,
신풍경로당,34.6502903,126.7786668,,,,,,,,,,,,,,,,,,,,,,,,,,,,
점수경로당,34.6473973,126.779229,,,,,,,,,,,,,,,,,,,,,,,,,,,,
평동경로당,34.6343459,126.7689153,,,,,,,,,,,,,,,,,,,,,,,,,,,,
중앙동마을회관,34.6351553,126.7682344,,,,,,,,,,,,,,,,,,,,,,,,,,,,
발산경로당,34.6436474,126.7331286,,,,,,,,,,,,,,,,,,,,,,,,,,,,
옥치경로당,34.6522734,126.7246995,,,,,,,,,,,,,,,,,,,,,,,,,,,,
사들경로당,37.4358627,126.8443549,,,,,,,,,,,,,,,,,,,,,,,,,,,,
능촌할머니경로당,37.4422247,126.847987,,,,,,,,,,,,,,,,,,,,,,,,,,,,
원노온사동경로당(1통),37.4489096,126.8472914,,,,,,,,,,,,,,,,,,,,,,,,,,,,
장절리경로당,37.4296054,126.8511397,,,,,,,,,,,,,,,,,,,,,,,,,,,,
도고천경로당,37.4217502,126.8575692,,,,,,,,,,,,,,,,,,,,,,,,,,,,
가재울경로당,37.1559219,126.9240782,,,,,,,,,,,,,,,,,,,,,,,,,,,,
마암경로당,35.2196206,129.0765157,,,,,,,,,,,,,,,,,,,,,,,,,,,,
하저3리 경로당,37.1803648,126.8657122,,,,,,,,,,,,,,,,,,,,,,,,,,,,
화당리 경로당,37.1194216,126.8607483,,,,,,,,,,,,,,,,,,,,,,,,,,,,
기천1리 경로당,37.177885,126.9106588,,,,,,,,,,,,,,,,,,,,,,,,,,,,
기천2리 경로당,37.1753145,126.9103916,,,,,,,,,,,,,,,,,,,,,,,,,,,,
노하1리 경로당,37.1575276,126.8700501,,,,,,,,,,,,,,,,,,,,,,,,,,,,
신화타워 경로당,35.214439,129.079584,,,,,,,,,,,,,,,,,,,,,,,,,,,,
평촌마을회관,34.642278,127.412171,,,,,,,,,,,,,,,,,,,,,,,,,,,,
숯골경로당,35.1807,128.0625,,,,,,,,,,,,,,,,,,,,,,,,,,,,
미산경로당,34.506649,126.794306,,,,,,,,,,,,,,,,,,,,,,,,,,,,
백사경로당,34.496263,126.792376,,,,,,,,,,,,,,,,,,,,,,,,,,,,
수동마을회관,34.496789,126.801765,,,,,,,,,,,,,,,,,,,,,,,,,,,,
대구면복지회관,34.494422,126.800394,,,,,,,,,,,,,,,,,,,,,,,,,,,,
금정할아버지경로당,35.2064855,129.0623432,,,,,,,,,,,,,,,,,,,,,,,,,,,,
사직1동할아버지경로당,35.2008991,129.0638036,,,,,,,,,,,,,,,,,,,,,,,,,,,,
사직1동할머니경로당,35.2008991,129.0638036,,,,,,,,,,,,,,,,,,,,,,,,,,,,
삼존2리 경로당,37.2160055,126.7522071,,,,,,,,,,,,,,,,,,,,,,,,,,,,
신천리 경로당,37.2480153,126.7179891,,,,,,,,,,,,,,,,,,,,,,,,,,,,
쌍정1리 경로당,37.2379746,126.7327876,,,,,,,,,,,,,,,,,,,,,,,,,,,,
쌍정2리 경로당,37.2347391,126.7302047,,,,,,,,,,,,,,,,,,,,,,,,,,,,
용포1리 청풍회,37.2293276,126.7577571,,,,,,,,,,,,,,,,,,,,,,,,,,,,
만복경로당,34.5772443,126.7921881,,,,,,,,,,,,,,,,,,,,,,,,,,,,
한림경로당,34.5871769,126.7970049,,,,,,,,,,,,,,,,,,,,,,,,,,,,
영계경로당,34.5744357,126.8233966,,,,,,,,,,,,,,,,,,,,,,,,,,,,
장포경로당,34.5505683,126.8082005,,,,,,,,,,,,,,,,,,,,,,,,,,,,
구장2리 경로당,37.164186,126.9084347,,,,,,,,,,,,,,,,,,,,,,,,,,,,
구장3리 경로당,37.1648969,126.9015,,,,,,,,,,,,,,,,,,,,,,,,,,,,
야천1구경로당,35.7633204,128.138832,,,,,,,,,,,,,,,,,,,,,,,,,,,,
이천동행정복지센터,35.8536877,128.5994546,,,,,,,,,,,,,,,,,,,,,,,,,,,,
DGB대구은행 대봉동지점,35.854922,128.6037174,,,,,,,,,,,,,,,,,,,,,,,,,,,,
화수경로당,35.853623,128.6038349,,,,,,,,,,,,,,,,,,,,,,,,,,,,
상아맨션 경로당,35.8546258,128.5951768,,,,,,,,,,,,,,,,,,,,,,,,,,,,
월문리경로당,37.1215709,126.8716088,,,,,,,,,,,,,,,,,,,,,,,,,,,,
온천1동경로당,33.1254814,129.054876,,,,,,,,,,,,,,,,,,,,,,,,,,,,
온천1동 주민센터,35.2200457,129.0801676,,,,,,,,,,,,,,,,,,,,,,,,,,,,
온천2동 주민센터,35.2107617,129.0738004,,,,,,,,,,,,,,,,,,,,,,,,,,,,
온천3동 주민센터,35.2019,129.0641,,,,,,,,,,,,,,,,,,,,,,,,,,,,
금정할머니경로당,35.2064855,129.0623432,,,,,,,,,,,,,,,,,,,,,,,,,,,,
반계경로당,34.5523885,126.8107584,,,,,,,,,,,,,,,,,,,,,,,,,,,,
영평경로당,34.5757955,126.8193742,,,,,,,,,,,,,,,,,,,,,,,,,,,,
항동경로당,34.529947,126.832758,,,,,,,,,,,,,,,,,,,,,,,,,,,,
용문경로당,34.524722,126.820926,,,,,,,,,,,,,,,,,,,,,,,,,,,,
당전경로당,34.509411,126.804687,,,,,,,,,,,,,,,,,,,,,,,,,,,,
서근리 경로당,37.132338,126.8462391,,,,,,,,,,,,,,,,,,,,,,,,,,,,
율암3리 경로당,37.1714741,126.8811927,,,,,,,,,,,,,,,,,,,,,,,,,,,,
가재2리 경로당,37.1494666,126.9286725,,,,,,,,,,,,,,,,,,,,,,,,,,,,
황산1구경로당,35.7628067,128.1366237,,,,,,,,,,,,,,,,,,,,,,,,,,,,
가야면할머니경로당,35.759761,128.1382551,,,,,,,,,,,,,,,,,,,,,,,,,,,,
가야경로당,35.7596281,128.1385878,,,,,,,,,,,,,,,,,,,,,,,,,,,,
내동 월드메르디앙 경로당,35.2244228,128.656646,,,,,,,,,,,,,,,,,,,,,,,,,,,,
중앙동 주민센터,35.2210554,128.6737056,,,,,,,,,,,,,,,,,,,,,,,,,,,,
반지 제4경로당,35.2408262,128.6571888,,,,,,,,,,,,,,,,,,,,,,,,,,,,
상남꿈에그린(아)경로당,35.2145433,128.6811096,,,,,,,,,,,,,,,,,,,,,,,,,,,,
대방동성 경로당,35.2047347,128.7076198,,,,,,,,,,,,,,,,,,,,,,,,,,,,
개나리1차 경로당,35.2124396,128.7082951,,,,,,,,,,,,,,,,,,,,,,,,,,,,
성원3차 경로당,35.2150016,128.7053003,,,,,,,,,,,,,,,,,,,,,,,,,,,,
사파정경로당,35.2200889,128.6983167,,,,,,,,,,,,,,,,,,,,,,,,,,,,
사파대동2 경로당,35.2199437,128.6963325,,,,,,,,,,,,,,,,,,,,,,,,,,,,
삼익A 경로당,35.2187118,128.694721,,,,,,,,,,,,,,,,,,,,,,,,,,,,
무궁화A 경로당,35.2196804,128.6929972,,,,,,,,,,,,,,,,,,,,,,,,,,,,
죽산할머니경로당,35.542322,127.519145,,,,,,,,,,,,,,,,,,,,,,,,,,,,
덕천리경로당,37.1438641,126.8725721,,,,,,,,,,,,,,,,,,,,,,,,,,,,
현풍농협(지점),35.682701,128.4454244,,,,,,,,,,,,,,,,,,,,,,,,,,,,
대경파미르경로당,35.1277098,128.0994487,,,,,,,,,,,,,,,,,,,,,,,,,,,,
행복경로당(화정3동),35.13975,126.878656,,,,,,,,,,,,,,,,,,,,,,,,,,,,
염주공원경로당(화정3동),35.150754,126.872846,,,,,,,,,,,,,,,,,,,,,,,,,,,,
청소년문화의집미소책방(작은도서관),35.146431,126.875467,,,,,,,,,,,,,,,,,,,,,,,,,,,,
금호3차경로당(화정3동),35.141573,126.879289,,,,,,,,,,,,,,,,,,,,,,,,,,,,
남화아파트경로당(화정2동),35.149363,126.877497,,,,,,,,,,,,,,,,,,,,,,,,,,,,
청록경로당(화정2동),35.1476064,126.8812708,,,,,,,,,,,,,,,,,,,,,,,,,,,,
화정고운경로당(화정2동),35.143356,126.8769103,,,,,,,,,,,,,,,,,,,,,,,,,,,,
유니버시아드힐스테이트1단지경로당(화정2동),35.1507326,126.875928,,,,,,,,,,,,,,,,,,,,,,,,,,,,
화정3동 주민센터,35.144969,126.875946,,,,,,,,,,,,,,,,,,,,,,,,,,,,
화정염주경로당(화정2동),35.1515511,126.8800571,,,,,,,,,,,,,,,,,,,,,,,,,,,,
전북은행 송천지점,35.8557157,127.1186078,,,,,,,,,,,,,,,,,,,,,,,,,,,,
장자마을회관,34.568132,127.330877,,,,,,,,,,,,,,,,,,,,,,,,,,,,
대화중앙경로당,36.3672911,127.4138684,,,,,,,,,,,,,,,,,,,,,,,,,,,,
장기촌경로당,37.4038089,126.8647514,,,,,,,,,,,,,,,,,,,,,,,,,,,,
능촌경로당,37.4420784,126.8479086,,,,,,,,,,,,,,,,,,,,,,,,,,,,
노리실경로당,37.4067399,126.8612302,,,,,,,,,,,,,,,,,,,,,,,,,,,,
예동마을회관,34.662058,127.438488,,,,,,,,,,,,,,,,,,,,,,,,,,,,
성주마을회관,34.634171,127.403927,,,,,,,,,,,,,,,,,,,,,,,,,,,,
증평1·3리,36.7810785,127.5842619,,,,,,,,,,,,,,,,,,,,,,,,,,,,
증평리,36.7816866,127.5847143,,,,,,,,,,,,,,,,,,,,,,,,,,,,
석곡1구석화,36.8245416,127.6172403,,,,,,,,,,,,,,,,,,,,,,,,,,,,
양명어린이공원,37.5192804,126.85449,,,,,,,,,,,,,,,,,,,,,,,,,,,,
강신어린이공원,37.515573,126.8384401,,,,,,,,,,,,,,,,,,,,,,,,,,,,
조양 마을회관,35.218738,127.125332,,,,,,,,,,,,,,,,,,,,,,,,,,,,
반석 마을회관,35.213121,127.125634,,,,,,,,,,,,,,,,,,,,,,,,,,,,
유천1동 제1경로당,36.3162436,127.3960932,,,,,,,,,,,,,,,,,,,,,,,,,,,,
중평경로당,36.3204757,127.394757,,,,,,,,,,,,,,,,,,,,,,,,,,,,
버드내경로당,36.3127909,127.3961355,,,,,,,,,,,,,,,,,,,,,,,,,,,,
소라@경로당,36.363598,127.413354,,,,,,,,,,,,,,,,,,,,,,,,,,,,
신대노인복지회관,36.3987504,127.4204582,,,,,,,,,,,,,,,,,,,,,,,,,,,,
신대노인복지관,36.3987504,127.4204582,,,,,,,,,,,,,,,,,,,,,,,,,,,,
대덕노인종합복지관,36.3782584,127.4314387,,,,,,,,,,,,,,,,,,,,,,,,,,,,
회덕동주민센터,36.376254,127.42144,,,,,,,,,,,,,,,,,,,,,,,,,,,,
도장동경로당,36.4140266,127.4468571,,,,,,,,,,,,,,,,,,,,,,,,,,,,
두레경로당,36.3666848,127.4173511,,,,,,,,,,,,,,,,,,,,,,,,,,,,
서면경로당,37.4385415,126.8811818,,,,,,,,,,,,,,,,,,,,,,,,,,,,
현대아파트할머니경로당,37.4356784,126.8768685,,,,,,,,,,,,,,,,,,,,,,,,,,,,
소하사리경로당,37.4340826,126.8847577,,,,,,,,,,,,,,,,,,,,,,,,,,,,
신기마을회관,34.5556172,127.3133044,,,,,,,,,,,,,,,,,,,,,,,,,,,,
제일평화의집,35.8812145,128.5825655,,,,,,,,,,,,,,,,,,,,,,,,,,,,
안동여경로당,34.568393,127.347852,,,,,,,,,,,,,,,,,,,,,,,,,,,,
상현경로당,35.6409255,128.0345547,,,,,,,,,,,,,,,,,,,,,,,,,,,,
화원면분회경로당,34.67071,126.32572,,,,,,,,,,,,,,,,,,,,,,,,,,,,
상리경로당,34.672665,126.3282553,,,,,,,,,,,,,,,,,,,,,,,,,,,,
중리경로당,34.6703333,126.330142,,,,,,,,,,,,,,,,,,,,,,,,,,,,
유니온빌리지 경로당,35.1998219,128.7145142,,,,,,,,,,,,,,,,,,,,,,,,,,,,
권빈3구경로당,35.6341437,128.0644249,,,,,,,,,,,,,,,,,,,,,,,,,,,,
권빈2구경로당,35.6195637,128.0708263,,,,,,,,,,,,,,,,,,,,,,,,,,,,
권빈1구경로당,35.6362783,128.0652051,,,,,,,,,,,,,,,,,,,,,,,,,,,,
봉계경로당,35.6107721,128.0242716,,,,,,,,,,,,,,,,,,,,,,,,,,,,
고삼경로당,35.6011864,128.0196467,,,,,,,,,,,,,,,,,,,,,,,,,,,,
신기동경로당,35.5977905,128.0676599,,,,,,,,,,,,,,,,,,,,,,,,,,,,
송림경로당,35.6099452,128.0407922,,,,,,,,,,,,,,,,,,,,,,,,,,,,
남전1리 경로당,37.2366576,126.8472882,,,,,,,,,,,,,,,,,,,,,,,,,,,,
원평3리 경로당,37.2491675,126.9271949,,,,,,,,,,,,,,,,,,,,,,,,,,,,
천천2리 경로당,37.2450199,126.9429319,,,,,,,,,,,,,,,,,,,,,,,,,,,,
유포2리 경로당,37.2597875,126.8430376,,,,,,,,,,,,,,,,,,,,,,,,,,,,
삼화1리 경로당,37.2520837,126.8565557,,,,,,,,,,,,,,,,,,,,,,,,,,,,
삼화2리 경로당,37.2449,126.8539,,,,,,,,,,,,,,,,,,,,,,,,,,,,
삼화3리 경로당,37.2383675,126.8666693,,,,,,,,,,,,,,,,,,,,,,,,,,,,
삼화5리 경로당,37.2533804,126.8667714,,,,,,,,,,,,,,,,,,,,,,,,,,,,
구포1리 경로당,37.2522962,126.8743417,,,,,,,,,,,,,,,,,,,,,,,,,,,,
구포2리 경로당,37.2469672,126.8768173,,,,,,,,,,,,,,,,,,,,,,,,,,,,
구포3리 경로당,37.2482098,126.8878478,,,,,,,,,,,,,,,,,,,,,,,,,,,,
행복한도곡마을회관,35.6288852,128.0054239,,,,,,,,,,,,,,,,,,,,,,,,,,,,
금사경로당,34.6205353,126.8034818,,,,,,,,,,,,,,,,,,,,,,,,,,,,
덕마경로당,34.6232042,126.7995903,,,,,,,,,,,,,,,,,,,,,,,,,,,,
동사리경로당,36.7747554,128.4604285,,,,,,,,,,,,,,,,,,,,,,,,,,,,
탑2리경로당,36.7620063,128.4558982,,,,,,,,,,,,,,,,,,,,,,,,,,,,
산소경로당,34.546079,126.4421338,,,,,,,,,,,,,,,,,,,,,,,,,,,,
기성경로당,34.582466,126.4317314,,,,,,,,,,,,,,,,,,,,,,,,,,,,
내산경로당,34.606033,126.3765123,,,,,,,,,,,,,,,,,,,,,,,,,,,,
덕암경로당,34.5830909,126.4134863,,,,,,,,,,,,,,,,,,,,,,,,,,,,
병온경로당,34.5868669,126.4579645,,,,,,,,,,,,,,,,,,,,,,,,,,,,
산동경로당,34.5932894,126.3909316,,,,,,,,,,,,,,,,,,,,,,,,,,,,
노곡3구경로당,35.5890616,127.9935175,,,,,,,,,,,,,,,,,,,,,,,,,,,,
노곡2구경로당,35.5945833,127.9964037,,,,,,,,,,,,,,,,,,,,,,,,,,,,
관덕경로당,34.625414,126.80415,,,,,,,,,,,,,,,,,,,,,,,,,,,,
아산경로당,34.556442,126.816033,,,,,,,,,,,,,,,,,,,,,,,,,,,,
연곡경로당,34.578806,126.813046,,,,,,,,,,,,,,,,,,,,,,,,,,,,
송촌경로당,34.5628729,126.8277752,,,,,,,,,,,,,,,,,,,,,,,,,,,,
현천경로당,34.594908,126.802243,,,,,,,,,,,,,,,,,,,,,,,,,,,,
치산경로당,34.563058,126.840294,,,,,,,,,,,,,,,,,,,,,,,,,,,,
칠량면복지회관,34.572135,126.79832,,,,,,,,,,,,,,,,,,,,,,,,,,,,
원천동경로당,37.2299063,126.8061358,,,,,,,,,,,,,,,,,,,,,,,,,,,,
장덕2통경로당,37.1635798,126.8125954,,,,,,,,,,,,,,,,,,,,,,,,,,,,
우곡1(거록)경로당,36.7465316,128.4469027,,,,,,,,,,,,,,,,,,,,,,,,,,,,
탑1리경로당,36.7585932,128.4527941,,,,,,,,,,,,,,,,,,,,,,,,,,,,
황산면분회경로당,34.577417,126.435801,,,,,,,,,,,,,,,,,,,,,,,,,,,,
교동경로당,34.5728671,126.49012,,,,,,,,,,,,,,,,,,,,,,,,,,,,
서하경로당,34.5929525,126.3081999,,,,,,,,,,,,,,,,,,,,,,,,,,,,
서외경로당,34.590567,126.30525,,,,,,,,,,,,,,,,,,,,,,,,,,,,
송라1리 경로당,37.2742027,126.8932837,,,,,,,,,,,,,,,,,,,,,,,,,,,,
계산2구경로당,35.5994583,128.0621641,,,,,,,,,,,,,,,,,,,,,,,,,,,,
계산1구마을회관,35.5901435,128.06995,,,,,,,,,,,,,,,,,,,,,,,,,,,,
술곡경로당,35.5763581,127.9911759,,,,,,,,,,,,,,,,,,,,,,,,,,,,
남하경로당,34.5924757,126.3100296,,,,,,,,,,,,,,,,,,,,,,,,,,,,
충무경로당,34.5853939,126.3143611,,,,,,,,,,,,,,,,,,,,,,,,,,,,
무아경로당,34.5944585,126.3066408,,,,,,,,,,,,,,,,,,,,,,,,,,,,
서상경로당,34.5947998,126.3079803,,,,,,,,,,,,,,,,,,,,,,,,,,,,
가포제2경로당,35.1690571,128.571614,,,,,,,,,,,,,,,,,,,,,,,,,,,,
선두경로당,34.589064,126.311308,,,,,,,,,,,,,,,,,,,,,,,,,,,,
남상경로당,34.589816,126.308486,,,,,,,,,,,,,,,,,,,,,,,,,,,,
상신4리 경로당,37.1119979,126.8990467,,,,,,,,,,,,,,,,,,,,,,,,,,,,
상신6리 경로당,37.104273,126.9036361,,,,,,,,,,,,,,,,,,,,,,,,,,,,
언덕마을18단지 경로당(상신11리),37.0974559,126.8963211,,,,,,,,,,,,,,,,,,,,,,,,,,,,
수정(아)경로당,37.5125,126.842,,,,,,,,,,,,,,,,,,,,,,,,,,,,
신트리1단지아파트 경로당,37.5139,126.8543,,,,,,,,,,,,,,,,,,,,,,,,,,,,
신트리2단지아파트 경로당,37.513,126.8525,,,,,,,,,,,,,,,,,,,,,,,,,,,,
신트리4단지아파트 경로당,37.5113,126.8508,,,,,,,,,,,,,,,,,,,,,,,,,,,,
운평4리 경로당,37.0754593,126.7724736,,,,,,,,,,,,,,,,,,,,,,,,,,,,
원안1리 경로당,37.105591,126.7767577,,,,,,,,,,,,,,,,,,,,,,,,,,,,
호곡2리 경로당,37.1188471,126.7786148,,,,,,,,,,,,,,,,,,,,,,,,,,,,
월궁경로당,34.563937,126.800661,,,,,,,,,,,,,,,,,,,,,,,,,,,,
운산경로당,34.573687,126.810394,,,,,,,,,,,,,,,,,,,,,,,,,,,,
어천1리 경로당,37.2538891,126.9104108,,,,,,,,,,,,,,,,,,,,,,,,,,,,
일정경로당,34.5947991,126.310957,,,,,,,,,,,,,,,,,,,,,,,,,,,,
목삼경로당,34.6177333,126.369714,,,,,,,,,,,,,,,,,,,,,,,,,,,,
송정경로당,34.5994107,126.3571015,,,,,,,,,,,,,,,,,,,,,,,,,,,,
동외경로당,34.5974877,126.311667,,,,,,,,,,,,,,,,,,,,,,,,,,,,
파주3리 마을회관,37.8324217,126.8161371,,,,,,,,,,,,,,,,,,,,,,,,,,,,
삼호경로당,34.5684045,126.3652635,,,,,,,,,,,,,,,,,,,,,,,,,,,,
영동경로당,34.571599,126.801521,,,,,,,,,,,,,,,,,,,,,,,,,,,,
강동경로당,34.572849,126.798506,,,,,,,,,,,,,,,,,,,,,,,,,,,,
상신2리 경로당,37.0950622,126.894736,,,,,,,,,,,,,,,,,,,,,,,,,,,,
푸른마을 2단지아파트 경로당,37.5135,126.8352,,,,,,,,,,,,,,,,,,,,,,,,,,,,
칠량보건지소,34.572122,126.7990714,,,,,,,,,,,,,,,,,,,,,,,,,,,,
단월보건지소,34.563681,126.839501,,,,,,,,,,,,,,,,,,,,,,,,,,,,
성만경로당,34.595535,126.374207,,,,,,,,,,,,,,,,,,,,,,,,,,,,
남양뉴타운LH10단지아파트 경로당(남양23리),37.2068264,126.8347531,,,,,,,,,,,,,,,,,,,,,,,,,,,,
야목2리 경로당,37.265013,126.880002,,,,,,,,,,,,,,,,,,,,,,,,,,,,
춘정마을회관,34.8192094,127.1002051,,,,,,,,,,,,,,,,,,,,,,,,,,,,
용호1구경로당,34.812656,127.0547095,,,,,,,,,,,,,,,,,,,,,,,,,,,,
은곡경로당,34.8414376,127.0999691,,,,,,,,,,,,,,,,,,,,,,,,,,,,
금곡2리지경터경로당,36.736673,128.4171664,,,,,,,,,,,,,,,,,,,,,,,,,,,,
남전2리 경로당,37.2445523,126.8318313,,,,,,,,,,,,,,,,,,,,,,,,,,,,
유포1리 경로당,37.2479851,126.8409276,,,,,,,,,,,,,,,,,,,,,,,,,,,,
두곡3리 경로당,37.2055722,126.777365,,,,,,,,,,,,,,,,,,,,,,,,,,,,
슬항3리 경로당,37.2102513,126.7637254,,,,,,,,,,,,,,,,,,,,,,,,,,,,
고모2리경로당,37.1722285,126.744257,,,,,,,,,,,,,,,,,,,,,,,,,,,,
금당2리경로당,37.1836026,126.7470531,,,,,,,,,,,,,,,,,,,,,,,,,,,,
원평4리 경로당,37.2501468,126.9278686,,,,,,,,,,,,,,,,,,,,,,,,,,,,
화성시 서부노인복지관 (휴게실4층),37.1987835,126.8287378,,,,,,,,,,,,,,,,,,,,,,,,,,,,
다암경로당,36.566773,128.4179284,,,,,,,,,,,,,,,,,,,,,,,,,,,,
학마을1단지(아)경로당,37.508,126.8442,,,,,,,,,,,,,,,,,,,,,,,,,,,,
푸른마을 3단지아파트 경로당,37.5116,126.8368,,,,,,,,,,,,,,,,,,,,,,,,,,,,
푸른마을4단지아파트 경로당,37.5133,126.839,,,,,,,,,,,,,,,,,,,,,,,,,,,,
학마을3단지아파트 경로당,37.5115,126.8468,,,,,,,,,,,,,,,,,,,,,,,,,,,,
남양시티프라디움 1차 경로당(남양18리),37.1985807,126.8219148,,,,,,,,,,,,,,,,,,,,,,,,,,,,
남양시티프라디움 2차 경로당(남양19리),37.2105976,126.8224715,,,,,,,,,,,,,,,,,,,,,,,,,,,,
동광뷰엘 아파트 경로당(남양21리),37.2089415,126.8281076,,,,,,,,,,,,,,,,,,,,,,,,,,,,
기산아파트 경로당(신남5리),37.1951359,126.8243675,,,,,,,,,,,,,,,,,,,,,,,,,,,,
온석1리 경로당,37.1744954,126.8616109,,,,,,,,,,,,,,,,,,,,,,,,,,,,
무송1리 경로당,37.1905024,126.8461656,,,,,,,,,,,,,,,,,,,,,,,,,,,,
무송2리 경로당,37.1811794,126.8483458,,,,,,,,,,,,,,,,,,,,,,,,,,,,
신정대성유니드아파트(1차),37.5205,126.8491,,,,,,,,,,,,,,,,,,,,,,,,,,,,
신정대성유니드아파트(2차),37.521,126.8489,,,,,,,,,,,,,,,,,,,,,,,,,,,,
동일하이빌아파트 경로당,37.5119,126.8391,,,,,,,,,,,,,,,,,,,,,,,,,,,,
신트리(아)3단지 경로당,37.5119,126.853,,,,,,,,,,,,,,,,,,,,,,,,,,,,
푸른마을 1단지아파트 경로당,37.5127,126.8362,,,,,,,,,,,,,,,,,,,,,,,,,,,,
하리경로당,34.6692192,126.3287002,,,,,,,,,,,,,,,,,,,,,,,,,,,,
우현우방아이유쉘센트럴 아파트 무더위쉼터,36.0511418,129.3605214,,,,,,,,,,,,,,,,,,,,,,,,,,,,
금호어울림레이크 1차 경로당(장지7통),37.1627063,127.1085289,,,,,,,,,,,,,,,,,,,,,,,,,,,,
율변경로당,34.562056,126.844928,,,,,,,,,,,,,,,,,,,,,,,,,,,,
은산2리경로당,36.7664046,128.4432078,,,,,,,,,,,,,,,,,,,,,,,,,,,,
은산2경로당,36.7686453,128.4525232,,,,,,,,,,,,,,,,,,,,,,,,,,,,
오류1리경로당,36.7364042,128.4417229,,,,,,,,,,,,,,,,,,,,,,,,,,,,
율곡리경로당,36.7175324,128.4254909,,,,,,,,,,,,,,,,,,,,,,,,,,,,
율곡리논티경로당,36.7172568,128.4393142,,,,,,,,,,,,,,,,,,,,,,,,,,,,
부초리경로당,36.7216285,128.4480286,,,,,,,,,,,,,,,,,,,,,,,,,,,,
부초리 방곡 경로당,36.7313359,128.4543891,,,,,,,,,,,,,,,,,,,,,,,,,,,,
공곡경로당,35.6546073,128.1337,,,,,,,,,,,,,,,,,,,,,,,,,,,,
심묘경로당,35.650064,128.12491,,,,,,,,,,,,,,,,,,,,,,,,,,,,
쌍학2리 경로당,37.2382149,126.8924464,,,,,,,,,,,,,,,,,,,,,,,,,,,,
쌍학3리 경로당,37.2361697,126.9011767,,,,,,,,,,,,,,,,,,,,,,,,,,,,
쌍학4리 경로당,37.2392506,126.9020674,,,,,,,,,,,,,,,,,,,,,,,,,,,,
청요1리 경로당,37.1997639,126.8980437,,,,,,,,,,,,,,,,,,,,,,,,,,,,
청요2리 경로당,37.2024971,126.8954581,,,,,,,,,,,,,,,,,,,,,,,,,,,,
청요3리 경로당,37.2011684,126.8863531,,,,,,,,,,,,,,,,,,,,,,,,,,,,
자안2리 경로당,37.2015413,126.873382,,,,,,,,,,,,,,,,,,,,,,,,,,,,
자안1리 경로당,37.207845,126.8805771,,,,,,,,,,,,,,,,,,,,,,,,,,,,
양노1리 경로당,37.2372,126.8737,,,,,,,,,,,,,,,,,,,,,,,,,,,,
양노2리 경로당,37.229635,126.8741135,,,,,,,,,,,,,,,,,,,,,,,,,,,,
양노3리 경로당,37.2292285,126.8587768,,,,,,,,,,,,,,,,,,,,,,,,,,,,
신흥경로당,34.57585,126.844127,,,,,,,,,,,,,,,,,,,,,,,,,,,,
목암경로당,34.5700623,126.8409523,,,,,,,,,,,,,,,,,,,,,,,,,,,,
궁항경로당,34.638919,126.272248,,,,,,,,,,,,,,,,,,,,,,,,,,,,
양정경로당,34.635177,126.307,,,,,,,,,,,,,,,,,,,,,,,,,,,,
공영경로당,34.634976,126.306979,,,,,,,,,,,,,,,,,,,,,,,,,,,,
고대경로당,34.63295,126.352528,,,,,,,,,,,,,,,,,,,,,,,,,,,,
오류2리경로당,36.727078,128.4333318,,,,,,,,,,,,,,,,,,,,,,,,,,,,
시등여자경로당,34.5764687,126.4329263,,,,,,,,,,,,,,,,,,,,,,,,,,,,
신성경로당,34.6004109,126.3971515,,,,,,,,,,,,,,,,,,,,,,,,,,,,
명량경로당,34.573585,126.314643,,,,,,,,,,,,,,,,,,,,,,,,,,,,
송청경로당,34.5554441,126.4069241,,,,,,,,,,,,,,,,,,,,,,,,,,,,
송호경로당,34.5733965,126.4625477,,,,,,,,,,,,,,,,,,,,,,,,,,,,
구만1리 할머니 경로당,36.7393,126.7412,,,,,,,,,,,,,,,,,,,,,,,,,,,,
금곡1리 쇠실 경로당,36.7422913,128.4252828,,,,,,,,,,,,,,,,,,,,,,,,,,,,
솔경지경로당,36.7245289,128.4374541,,,,,,,,,,,,,,,,,,,,,,,,,,,,
월송경로당,34.558068,126.839862,,,,,,,,,,,,,,,,,,,,,,,,,,,,
명주경로당,34.5583119,126.8558216,,,,,,,,,,,,,,,,,,,,,,,,,,,,
사구경로당,34.549604,126.861977,,,,,,,,,,,,,,,,,,,,,,,,,,,,
석교1리경로당,37.2066353,126.7729994,,,,,,,,,,,,,,,,,,,,,,,,,,,,
석교2리경로당,37.1961575,126.7740251,,,,,,,,,,,,,,,,,,,,,,,,,,,,
송정1리경로당,37.2203631,126.7900725,,,,,,,,,,,,,,,,,,,,,,,,,,,,
금곡1리경로당,36.7357216,128.42957,,,,,,,,,,,,,,,,,,,,,,,,,,,,
소사동제2경로당,37.484154,126.791572,,,,,,,,,,,,,,,,,,,,,,,,,,,,
취암9통 경로당,36.19022,127.099845,,,,,,,,,,,,,,,,,,,,,,,,,,,,
남차3리 남자,36.7306755,127.6195153,,,,,,,,,,,,,,,,,,,,,,,,,,,,
가산경로당,35.6586957,128.1265298,,,,,,,,,,,,,,,,,,,,,,,,,,,,
웅기경로당,35.6507048,128.1272058,,,,,,,,,,,,,,,,,,,,,,,,,,,,
중촌경로당,35.6502271,128.130677,,,,,,,,,,,,,,,,,,,,,,,,,,,,
시항리경로당,36.7449436,128.465516,,,,,,,,,,,,,,,,,,,,,,,,,,,,
월하경로당,34.7280031,126.3063881,,,,,,,,,,,,,,,,,,,,,,,,,,,,
온덕경로당,34.7261885,126.2778119,,,,,,,,,,,,,,,,,,,,,,,,,,,,
저상경로당,34.69708,126.33136,,,,,,,,,,,,,,,,,,,,,,,,,,,,
수동경로당,34.716665,126.301648,,,,,,,,,,,,,,,,,,,,,,,,,,,,
소정경로당,34.571899,126.394228,,,,,,,,,,,,,,,,,,,,,,,,,,,,
서광파크빌A 경로당,35.1880784,128.693891,,,,,,,,,,,,,,,,,,,,,,,,,,,,
삼정자 경로당,35.1994344,128.711277,,,,,,,,,,,,,,,,,,,,,,,,,,,,
프리빌리지2차 경로당,35.1949294,128.718312,,,,,,,,,,,,,,,,,,,,,,,,,,,,
동남경로당,35.6779385,128.1445844,,,,,,,,,,,,,,,,,,,,,,,,,,,,
이목경로당,34.6516236,126.316949,,,,,,,,,,,,,,,,,,,,,,,,,,,,
신정이펜하우스3단지 경로당,37.5131,126.8308,,,,,,,,,,,,,,,,,,,,,,,,,,,,
야화2리 경로당,36.1695027,127.0599712,,,,,,,,,,,,,,,,,,,,,,,,,,,,
야화3리 경로당,36.1688376,127.0436446,,,,,,,,,,,,,,,,,,,,,,,,,,,,
반도유보라아이비파크10차 경로당(산척12통),37.1670497,127.1303556,,,,,,,,,,,,,,,,,,,,,,,,,,,,
호반베르디움 센트럴포레3차경로당(목1통),37.1807033,127.117203,,,,,,,,,,,,,,,,,,,,,,,,,,,,
르파비스 경로당(목3통),37.183781,127.126391,,,,,,,,,,,,,,,,,,,,,,,,,,,,
금강펜테리움4차 경로당(목4통),37.1896557,127.1287674,,,,,,,,,,,,,,,,,,,,,,,,,,,,
우감2(승동)경로당,36.6066705,128.3700062,,,,,,,,,,,,,,,,,,,,,,,,,,,,
우감1경로당,36.6167558,128.3727734,,,,,,,,,,,,,,,,,,,,,,,,,,,,
우감2(소감)경로당,36.6049958,128.3802049,,,,,,,,,,,,,,,,,,,,,,,,,,,,
신음경로당,36.6086409,128.3663394,,,,,,,,,,,,,,,,,,,,,,,,,,,,
신음(새마)경로당,36.6082741,128.3675221,,,,,,,,,,,,,,,,,,,,,,,,,,,,
개금불경로당,35.6377852,128.1129173,,,,,,,,,,,,,,,,,,,,,,,,,,,,
초동경로당,34.6594886,126.2660099,,,,,,,,,,,,,,,,,,,,,,,,,,,,
가랍경로당,34.6402731,126.3535901,,,,,,,,,,,,,,,,,,,,,,,,,,,,
별암경로당,34.6987098,126.3406989,,,,,,,,,,,,,,,,,,,,,,,,,,,,
화봉경로당,34.6660407,126.2700416,,,,,,,,,,,,,,,,,,,,,,,,,,,,
섬동경로당,34.7348455,126.3095305,,,,,,,,,,,,,,,,,,,,,,,,,,,,
당포경로당,34.7316139,126.2972145,,,,,,,,,,,,,,,,,,,,,,,,,,,,
양화경로당,34.750187,126.3039214,,,,,,,,,,,,,,,,,,,,,,,,,,,,
상나곡경로당,35.6958271,128.1257925,,,,,,,,,,,,,,,,,,,,,,,,,,,,
달영경로당,34.677454,126.808694,,,,,,,,,,,,,,,,,,,,,,,,,,,,
화방경로당,34.659554,126.824813,,,,,,,,,,,,,,,,,,,,,,,,,,,,
서은경로당,34.652346,126.829878,,,,,,,,,,,,,,,,,,,,,,,,,,,,
북부교육문화센터(지하1층 로비),37.5046238,126.7092374,,,,,,,,,,,,,,,,,,,,,,,,,,,,
간석2동행정복지센터,37.4639658,126.710914,,,,,,,,,,,,,,,,,,,,,,,,,,,,
만월산 경로당,37.4634205,126.7166259,,,,,,,,,,,,,,,,,,,,,,,,,,,,
두진아파트경로당,37.463088,126.71976,,,,,,,,,,,,,,,,,,,,,,,,,,,,
동원아파트경로당,37.464833,126.715333,,,,,,,,,,,,,,,,,,,,,,,,,,,,
돌말경로당,37.467992,126.711673,,,,,,,,,,,,,,,,,,,,,,,,,,,,
공원촌경로당,37.4655379,126.7174713,,,,,,,,,,,,,,,,,,,,,,,,,,,,
팬더아파트경로당,37.474176,126.7103,,,,,,,,,,,,,,,,,,,,,,,,,,,,
태화아파트경로당,37.463158,126.721183,,,,,,,,,,,,,,,,,,,,,,,,,,,,
풍동경로당,34.652357,126.854727,,,,,,,,,,,,,,,,,,,,,,,,,,,,
석동경로당,34.676464,126.856894,,,,,,,,,,,,,,,,,,,,,,,,,,,,
신기경로당,34.65374,126.845611,,,,,,,,,,,,,,,,,,,,,,,,,,,,
안지경로당,34.644918,126.843977,,,,,,,,,,,,,,,,,,,,,,,,,,,,
영화경로당,34.662053,126.828694,,,,,,,,,,,,,,,,,,,,,,,,,,,,
금호어울림마을경로당,37.459115,126.707338,,,,,,,,,,,,,,,,,,,,,,,,,,,,
간석2동경로당,37.4620389,126.7126207,,,,,,,,,,,,,,,,,,,,,,,,,,,,
스타힐스24단지 경로당(산척2통),37.1731595,127.1182029,,,,,,,,,,,,,,,,,,,,,,,,,,,,
내곡경로당,35.6413992,128.1497225,,,,,,,,,,,,,,,,,,,,,,,,,,,,
외곡경로당,35.63538,128.1421016,,,,,,,,,,,,,,,,,,,,,,,,,,,,
관자경로회관,35.6077433,128.1061489,,,,,,,,,,,,,,,,,,,,,,,,,,,,
신촌경로당,35.6105455,128.1040471,,,,,,,,,,,,,,,,,,,,,,,,,,,,
소사경로당,35.6359255,128.1523324,,,,,,,,,,,,,,,,,,,,,,,,,,,,
육정경로당,35.6061709,128.1181399,,,,,,,,,,,,,,,,,,,,,,,,,,,,
남옥경로당,35.618574,128.1342949,,,,,,,,,,,,,,,,,,,,,,,,,,,,
백자동경로당,35.6060515,128.1091603,,,,,,,,,,,,,,,,,,,,,,,,,,,,
삼화경로당,34.663872,126.834156,,,,,,,,,,,,,,,,,,,,,,,,,,,,
나곡경로당,35.6913215,128.1336742,,,,,,,,,,,,,,,,,,,,,,,,,,,,
오지경로당,36.5188438,128.3038498,,,,,,,,,,,,,,,,,,,,,,,,,,,,
안계마을노인정,35.5893194,128.1419176,,,,,,,,,,,,,,,,,,,,,,,,,,,,
억수경로당,34.7357525,126.3233404,,,,,,,,,,,,,,,,,,,,,,,,,,,,
신주광경로당,34.6658829,126.3283643,,,,,,,,,,,,,,,,,,,,,,,,,,,,
남정마을회관,35.0087619,127.6055576,,,,,,,,,,,,,,,,,,,,,,,,,,,,
상운마을회관,35.020142,127.615372,,,,,,,,,,,,,,,,,,,,,,,,,,,,
답곡마을회관,35.089018,127.598826,,,,,,,,,,,,,,,,,,,,,,,,,,,,
구미1구경로당,35.7397903,128.1016008,,,,,,,,,,,,,,,,,,,,,,,,,,,,
학계경로당,35.7442741,128.1082271,,,,,,,,,,,,,,,,,,,,,,,,,,,,
임북경로당,35.7341801,128.1098316,,,,,,,,,,,,,,,,,,,,,,,,,,,,
송정2리경로당,37.2140057,126.7904782,,,,,,,,,,,,,,,,,,,,,,,,,,,,
슬항2리경로당,37.2010567,126.7564859,,,,,,,,,,,,,,,,,,,,,,,,,,,,
쌍송2리경로당,37.186172,126.7826107,,,,,,,,,,,,,,,,,,,,,,,,,,,,
청원1리경로당,37.1858508,126.759472,,,,,,,,,,,,,,,,,,,,,,,,,,,,
청원4리 경로당,37.1816951,126.767074,,,,,,,,,,,,,,,,,,,,,,,,,,,,
해문1리경로당,37.205007,126.7406275,,,,,,,,,,,,,,,,,,,,,,,,,,,,
해문2리경로당,37.1977542,126.7466503,,,,,,,,,,,,,,,,,,,,,,,,,,,,
청원2리 경로당,37.1773881,126.7783937,,,,,,,,,,,,,,,,,,,,,,,,,,,,
부동경로당,34.7373056,126.3027278,,,,,,,,,,,,,,,,,,,,,,,,,,,,
척북경로당,34.653475,126.33336,,,,,,,,,,,,,,,,,,,,,,,,,,,,
남리경로당,34.5709377,126.4207316,,,,,,,,,,,,,,,,,,,,,,,,,,,,
신기경로당,34.601301,126.545205,,,,,,,,,,,,,,,,,,,,,,,,,,,,
외호경로당,34.63074,126.581958,,,,,,,,,,,,,,,,,,,,,,,,,,,,
월산경로당,34.612334,126.623224,,,,,,,,,,,,,,,,,,,,,,,,,,,,
원덕경로당,34.618008,126.6273,,,,,,,,,,,,,,,,,,,,,,,,,,,,
육일시경로당,34.610344,126.529729,,,,,,,,,,,,,,,,,,,,,,,,,,,,
장성경로당,34.585746,126.557463,,,,,,,,,,,,,,,,,,,,,,,,,,,,
고암경로당,34.615453,126.536319,,,,,,,,,,,,,,,,,,,,,,,,,,,,
용소경로당,34.615411,126.523692,,,,,,,,,,,,,,,,,,,,,,,,,,,,
용전경로당,34.599357,126.554626,,,,,,,,,,,,,,,,,,,,,,,,,,,,
남암경로회관,35.6155813,128.1269117,,,,,,,,,,,,,,,,,,,,,,,,,,,,
풍신1경로당,36.4831156,128.3086248,,,,,,,,,,,,,,,,,,,,,,,,,,,,
괴당1경로당,36.4875014,128.2987937,,,,,,,,,,,,,,,,,,,,,,,,,,,,
풍신2경로당,36.4886236,128.3174173,,,,,,,,,,,,,,,,,,,,,,,,,,,,
괴당2경로당,36.4891485,128.3054097,,,,,,,,,,,,,,,,,,,,,,,,,,,,
고산2경로당,36.4808348,128.2920187,,,,,,,,,,,,,,,,,,,,,,,,,,,,
공덕1경로당,36.5000354,128.3101863,,,,,,,,,,,,,,,,,,,,,,,,,,,,
공덕2경로당,36.5007808,128.3063059,,,,,,,,,,,,,,,,,,,,,,,,,,,,
공덕3경로당,36.4973065,128.3213322,,,,,,,,,,,,,,,,,,,,,,,,,,,,
낙상1경로당,36.5118062,128.273338,,,,,,,,,,,,,,,,,,,,,,,,,,,,
청운3경로당,36.5442743,128.2993856,,,,,,,,,,,,,,,,,,,,,,,,,,,,
하풍경로당,36.5421146,128.2740672,,,,,,,,,,,,,,,,,,,,,,,,,,,,
삼강경로당,36.4776381,128.2708462,,,,,,,,,,,,,,,,,,,,,,,,,,,,
원호경로당,34.5839391,126.4916901,,,,,,,,,,,,,,,,,,,,,,,,,,,,
우항경로당,34.5837111,126.4376894,,,,,,,,,,,,,,,,,,,,,,,,,,,,
와등여자경로당,34.5976616,126.5031274,,,,,,,,,,,,,,,,,,,,,,,,,,,,
관춘경로당,34.5819705,126.3971507,,,,,,,,,,,,,,,,,,,,,,,,,,,,
관두여성경로당,34.5789758,126.4446172,,,,,,,,,,,,,,,,,,,,,,,,,,,,
시등경로당,34.576264,126.4313561,,,,,,,,,,,,,,,,,,,,,,,,,,,,
관두경로당,34.576118,126.440415,,,,,,,,,,,,,,,,,,,,,,,,,,,,
성산경로당,34.5423904,126.3938683,,,,,,,,,,,,,,,,,,,,,,,,,,,,
신덕경로당,34.599937,126.543405,,,,,,,,,,,,,,,,,,,,,,,,,,,,
용반경로당,34.607863,126.542422,,,,,,,,,,,,,,,,,,,,,,,,,,,,
노하경로당,34.630745,126.563503,,,,,,,,,,,,,,,,,,,,,,,,,,,,
마산면분회경로당,34.61879,126.571898,,,,,,,,,,,,,,,,,,,,,,,,,,,,
산막경로당,34.631853,126.572434,,,,,,,,,,,,,,,,,,,,,,,,,,,,
호교경로당,34.590398,126.541664,,,,,,,,,,,,,,,,,,,,,,,,,,,,
상등경로당,34.5885511,126.5521801,,,,,,,,,,,,,,,,,,,,,,,,,,,,
대상경로당,34.6061054,126.5366246,,,,,,,,,,,,,,,,,,,,,,,,,,,,
학의경로당,34.618891,126.521236,,,,,,,,,,,,,,,,,,,,,,,,,,,,
당두경로당,34.649207,126.525045,,,,,,,,,,,,,,,,,,,,,,,,,,,,
일신경로당,34.5805913,126.5101027,,,,,,,,,,,,,,,,,,,,,,,,,,,,
이목경로당,34.5950135,126.5221867,,,,,,,,,,,,,,,,,,,,,,,,,,,,
삼거리장수경로당,37.477542,126.71161,,,,,,,,,,,,,,,,,,,,,,,,,,,,
간석LH1단지 경로당,37.4636011,126.7174194,,,,,,,,,,,,,,,,,,,,,,,,,,,,
시온 경로당,37.4708605,126.7185563,,,,,,,,,,,,,,,,,,,,,,,,,,,,
간석3동행정복지센터,37.4661421,126.7144864,,,,,,,,,,,,,,,,,,,,,,,,,,,,
보림경로당,35.5962297,128.1487885,,,,,,,,,,,,,,,,,,,,,,,,,,,,
성은경로당,35.5664706,128.1673861,,,,,,,,,,,,,,,,,,,,,,,,,,,,
인곡경로당,35.6052288,128.1004426,,,,,,,,,,,,,,,,,,,,,,,,,,,,
벽송경로당,34.600516,126.797748,,,,,,,,,,,,,,,,,,,,,,,,,,,,
관기경로당,35.6480095,128.1266683,,,,,,,,,,,,,,,,,,,,,,,,,,,,
광산경로당,35.6439853,128.1187651,,,,,,,,,,,,,,,,,,,,,,,,,,,,
봉곡경로당,35.6389565,128.105172,,,,,,,,,,,,,,,,,,,,,,,,,,,,
영풍경로당,34.573516,126.795739,,,,,,,,,,,,,,,,,,,,,,,,,,,,
동백경로당,34.593205,126.800491,,,,,,,,,,,,,,,,,,,,,,,,,,,,
고현경로당,34.560739,126.805512,,,,,,,,,,,,,,,,,,,,,,,,,,,,
신암경로당,34.5658329,126.8087759,,,,,,,,,,,,,,,,,,,,,,,,,,,,
사부경로당,34.5686254,126.7964263,,,,,,,,,,,,,,,,,,,,,,,,,,,,
중리 1통 경로당,37.279028,127.441628,,,,,,,,,,,,,,,,,,,,,,,,,,,,
중리 2통 경로당,37.277329,127.4435119,,,,,,,,,,,,,,,,,,,,,,,,,,,,
율현 1통 경로당,37.261404,127.447117,,,,,,,,,,,,,,,,,,,,,,,,,,,,
중리 3통 경로당,37.2794629,127.4385901,,,,,,,,,,,,,,,,,,,,,,,,,,,,
마산북부노인회관,34.635983,126.549962,,,,,,,,,,,,,,,,,,,,,,,,,,,,
평덕경로당,34.5814191,126.3847308,,,,,,,,,,,,,,,,,,,,,,,,,,,,
한아경로당,34.5627748,126.4382085,,,,,,,,,,,,,,,,,,,,,,,,,,,,
한자경로당,34.5490541,126.446661,,,,,,,,,,,,,,,,,,,,,,,,,,,,
신흥경로당,34.556589,126.440814,,,,,,,,,,,,,,,,,,,,,,,,,,,,
남리여성경로당,34.5710099,126.4205322,,,,,,,,,,,,,,,,,,,,,,,,,,,,
부곡경로당,34.566649,126.398458,,,,,,,,,,,,,,,,,,,,,,,,,,,,
옥동경로당,34.5660694,126.3727334,,,,,,,,,,,,,,,,,,,,,,,,,,,,
징의2반경로당,34.523567,126.457689,,,,,,,,,,,,,,,,,,,,,,,,,,,,
춘정경로당,34.5584013,126.3942571,,,,,,,,,,,,,,,,,,,,,,,,,,,,
초월경로당,34.5672219,126.4237969,,,,,,,,,,,,,,,,,,,,,,,,,,,,
청룡경로당,34.6092245,126.4852436,,,,,,,,,,,,,,,,,,,,,,,,,,,,
중흥경로당,34.549175,126.825234,,,,,,,,,,,,,,,,,,,,,,,,,,,,
만년경로당,34.5637393,126.462564,,,,,,,,,,,,,,,,,,,,,,,,,,,,
학동경로당,34.566606,126.494829,,,,,,,,,,,,,,,,,,,,,,,,,,,,
와등경로당,34.592369,126.495327,,,,,,,,,,,,,,,,,,,,,,,,,,,,
연당여성경로당,34.57056,126.413388,,,,,,,,,,,,,,,,,,,,,,,,,,,,
학상경로당,34.644919,126.280027,,,,,,,,,,,,,,,,,,,,,,,,,,,,
구림경로당,34.7289665,126.3286101,,,,,,,,,,,,,,,,,,,,,,,,,,,,
